Player,Team ID,Position,Cost (£),Selected (%),Form,Points
Fábio Vieira,1,3,5.4,0.0,0.0,0
G.Jesus,1,4,6.7,0.9,0.8,10
Gabriel,1,2,6.2,23.8,4.8,69
Havertz,1,4,7.9,10.0,3.0,61
Hein,1,1,4.0,0.0,0.0,0
J.Timber,1,2,5.7,7.4,5.8,53
Jorginho,1,3,4.7,0.2,1.2,10
Kiwior,1,2,4.8,0.2,2.0,13
Martinelli,1,3,6.7,2.5,1.2,53
Nwaneri,1,3,4.5,0.4,1.8,14
Ødegaard,1,3,8.3,5.9,4.4,36
Raya,1,1,5.6,31.0,4.4,64
Rice,1,3,6.2,2.5,2.8,33
Saka,1,3,10.6,44.4,7.8,106
Saliba,1,2,6.3,30.2,7.6,61
Thomas,1,3,5.0,0.9,3.4,48
Tierney,1,2,4.3,0.0,0.0,0
Tomiyasu,1,2,4.8,0.0,0.0,1
Trossard,1,3,6.8,1.7,3.6,49
White,1,2,6.1,2.5,0.0,27
Zinchenko,1,2,4.8,0.9,1.4,15
Neto,1,1,4.2,0.9,0.0,7
Sterling,1,3,6.7,0.9,1.0,9
Calafiori,1,2,5.8,1.2,1.2,20
Lewis-Skelly,1,3,4.5,0.1,0.6,4
Merino,1,3,6.0,0.1,1.6,21
Oulad M'hand,1,3,4.5,0.0,0.0,0
Setford,1,1,4.5,0.0,0.0,0
Kacurri,1,2,4.0,0.1,0.0,0
Heaven,1,2,4.0,0.0,0.0,0
Kabia,1,3,4.5,0.0,0.0,0
Nichols,1,2,4.0,0.0,0.0,0
Butler-Oyedeji,1,4,4.5,0.2,0.0,0
Bailey,2,3,6.2,0.8,1.2,27
Barkley,2,3,5.2,0.3,2.6,28
Barrenechea,2,3,4.9,0.0,0.0,0
Buendia,2,3,5.2,0.1,0.4,6
Cash,2,2,4.4,1.4,1.8,22
Dendoncker,2,3,4.5,0.2,0.0,0
Diaby,2,3,6.5,0.0,0.0,0
Diego Carlos,2,2,4.5,0.5,1.6,20
Digne,2,2,4.7,9.0,1.4,44
Dobbin,2,3,5.0,0.0,0.0,0
Duran,2,4,5.8,3.1,3.0,46
Gauci,2,1,4.0,0.8,0.0,0
Hause,2,2,3.9,0.5,0.0,0
Iling Jr,2,3,5.4,0.0,0.0,0
Kamara,2,3,5.0,0.0,1.8,11
Kesler-Hayden,2,2,4.0,0.0,0.0,0
Konsa,2,2,4.4,7.8,2.4,32
Maatsen,2,2,4.6,1.4,0.6,12
Marschall,2,1,4.0,0.0,0.0,0
Martinez,2,1,5.0,12.1,2.6,45
McGinn,2,3,5.2,0.8,3.6,33
Mings,2,2,4.4,0.1,0.4,2
Nedeljkovic,2,2,3.9,0.9,0.0,3
Olsen,2,1,4.5,0.1,0.2,1
Pau,2,2,4.4,1.4,1.8,28
Ramsey,2,3,5.4,0.2,0.0,22
Rogers,2,3,5.3,19.5,3.2,61
Sinisalo,2,1,4.0,0.0,0.0,0
Sousa,2,2,4.0,0.1,0.0,0
Tielemans,2,3,5.5,1.1,2.2,45
Watkins,2,4,8.9,17.8,4.6,78
Onana,2,3,4.9,2.9,0.2,32
Jaden,2,3,5.3,0.0,0.8,9
Bogarde,2,2,4.0,0.3,0.0,2
Swinkels,2,2,4.0,0.1,0.0,0
Zych,2,1,4.0,0.7,0.0,0
Young,2,3,4.5,0.2,0.0,0
Broggio,2,3,4.5,0.0,0.0,0
Aarons,3,2,4.3,0.2,0.2,1
Adams,3,3,4.9,0.0,1.4,10
Anthony,3,3,4.5,0.1,0.0,0
Brooks,3,3,4.9,0.0,2.8,18
Christie,3,3,4.9,0.1,2.0,33
Cook,3,3,5.0,0.2,1.2,42
Enes Ünal,3,4,5.4,0.1,4.0,28
Faivre,3,3,5.0,0.0,0.0,0
H.Traorè,3,3,4.5,0.1,0.0,0
Hill,3,2,3.9,0.4,0.2,1
Jebbison,3,4,4.5,1.0,0.0,2
Kerkez,3,2,4.7,5.8,4.0,50
Kluivert,3,3,5.5,4.3,6.0,65
Mepham,3,2,4.4,0.0,0.0,0
O.Dango,3,3,5.0,0.0,3.4,39
Paulsen,3,1,4.0,0.0,0.0,0
Philip,3,3,4.8,0.0,0.8,6
Scott,3,3,4.7,0.0,0.0,11
Semenyo,3,3,5.7,6.3,1.8,55
Senesi,3,2,4.7,0.4,0.4,21
Sinisterra,3,3,4.9,0.1,0.0,19
Smith,3,2,4.5,0.2,3.2,34
Tavernier,3,3,5.5,0.3,3.0,48
Travers,3,1,4.4,0.2,0.0,10
Zabarnyi,3,2,4.4,0.4,2.6,35
Arrizabalaga,3,1,4.5,1.0,2.8,33
Huijsen,3,2,4.3,0.7,4.2,26
J.Araujo,3,2,4.3,0.1,0.0,8
Dennis,3,1,4.0,0.4,0.0,0
Evanilson,3,4,6.1,4.3,4.0,65
Kinsey,3,2,4.0,0.0,0.0,0
Winterburn,3,3,4.5,0.0,0.0,0
Ajer,4,2,4.4,0.2,0.2,8
Brierley,4,3,4.5,0.1,0.0,0
Collins,4,2,4.5,2.5,3.8,48
Damsgaard,4,3,5.0,1.3,4.0,60
Dasilva,4,3,4.8,0.0,0.0,0
Flekken,4,1,4.5,11.6,4.0,49
Henry,4,2,4.3,0.0,0.0,0
Hickey,4,2,4.3,0.0,0.0,0
Janelt,4,3,4.9,0.4,1.2,44
Jensen,4,3,5.3,0.1,0.8,17
Ji-soo,4,2,3.9,0.4,0.0,0
Konak,4,3,4.5,0.1,0.0,4
Lewis-Potter,4,3,5.0,0.1,1.8,38
Mbeumo,4,3,7.6,28.2,5.8,105
Mee,4,2,4.2,0.4,0.2,2
Nørgaard,4,3,4.8,0.2,1.4,31
Onyeka,4,3,4.9,0.0,0.0,2
Peart-Harris,4,3,4.5,0.0,0.0,0
Pinnock,4,2,4.5,0.9,2.0,33
Roerslev,4,2,4.3,0.1,0.8,16
Schade,4,3,5.1,0.8,7.6,56
Thiago,4,4,5.9,0.0,1.0,5
Toney,4,4,7.3,1.2,0.0,0
Valdimarsson,4,1,3.9,3.0,0.0,0
Wissa,4,4,6.2,10.7,4.2,75
Yarmoliuk,4,3,4.4,3.4,1.6,15
Zanka,4,2,4.5,0.0,0.0,0
Carvalho,4,3,4.6,0.7,1.0,26
Van den Berg,4,2,4.1,3.6,2.0,20
Trevitt,4,3,4.4,0.0,0.0,1
G.Nunes,4,3,4.9,0.0,0.0,0
Meghoma,4,2,4.0,0.0,0.2,1
Yogane,4,3,4.5,0.0,0.0,0
Maghoma,4,3,4.5,0.0,0.4,2
Adingra,5,3,5.2,0.3,1.0,22
Baker-Boaitey,5,3,4.5,0.0,0.0,0
Baleba,5,3,5.0,0.2,1.8,37
Barco,5,2,4.0,2.9,0.0,0
Cozier-Duberry,5,3,4.5,0.0,0.0,0
Dahoud,5,3,4.9,0.0,0.0,0
Dunk,5,2,4.4,3.9,0.4,24
Enciso,5,3,5.4,0.1,0.2,8
Estupiñan,5,2,5.1,2.1,2.6,19
Ferguson,5,4,5.5,0.3,1.2,18
Gilmour,5,3,5.0,0.0,0.0,3
Gross,5,3,6.5,0.0,0.0,0
Hinshelwood,5,3,4.9,0.1,0.0,28
I.Osman,5,3,5.0,0.0,0.0,0
Igor,5,2,4.4,0.1,1.2,15
João Pedro,5,4,5.9,22.0,4.6,53
Kozlowski,5,3,4.5,0.0,0.0,0
Lamptey,5,2,4.4,0.5,2.6,16
March,5,3,6.5,0.0,0.0,0
Mazilu,5,3,4.5,0.0,0.0,0
Milner,5,3,5.0,0.0,0.0,5
Minteh,5,3,5.1,0.4,2.0,31
Mitoma,5,3,6.6,8.7,5.0,63
Moder,5,3,4.4,0.8,0.0,2
O’Mahony,5,4,4.5,0.2,0.0,0
Offiah,5,2,4.0,0.1,0.0,0
Peupion,5,3,4.4,0.1,0.0,0
Sarmiento,5,3,4.9,0.0,0.0,1
Steele,5,1,4.2,1.1,0.0,9
Undav,5,4,5.5,0.0,0.0,0
Van Hecke,5,2,4.5,1.1,1.2,29
Veltman,5,2,4.5,2.3,0.4,34
Verbruggen,5,1,4.5,3.2,1.6,36
Webster,5,2,4.3,0.1,0.0,1
Welbeck,5,4,5.8,13.4,1.0,69
Wieffer,5,3,4.7,0.1,1.4,19
Gruda,5,3,5.4,0.0,0.4,6
Ayari,5,3,5.0,0.0,2.0,24
Moran,5,3,5.0,0.0,0.0,0
Rushworth,5,1,4.0,0.0,0.0,0
Georginio,5,3,5.5,1.2,2.4,52
F.Kadıoğlu,5,2,4.5,0.2,0.0,19
O'Riley,5,3,5.5,0.1,0.6,11
Samuels,5,2,4.0,0.0,0.0,0
Cahill,5,1,3.9,1.4,0.0,0
McConville,5,2,4.0,0.0,0.0,0
Slater,5,2,4.0,0.0,0.0,0
Andrey Santos,6,3,4.5,0.0,0.0,0
Ângelo,6,3,4.5,0.1,0.0,0
B.Badiashile,6,2,4.3,0.1,0.8,5
Bergström,6,1,3.9,0.2,0.0,0
Bettinelli,6,1,3.9,0.4,0.0,0
Caicedo,6,3,4.9,1.4,2.8,49
Casadei,6,3,4.4,0.1,0.0,0
Chilwell,6,2,4.7,0.5,0.0,0
Chukwuemeka,6,3,4.8,0.0,0.0,0
Colwill,6,2,4.6,5.0,2.2,35
Cucurella,6,2,5.2,6.9,4.8,42
D.D.Fofana,6,4,5.4,0.1,0.0,0
Deivid,6,4,4.9,0.1,0.0,0
Dewsbury-Hall,6,3,5.5,0.1,0.4,5
Disasi,6,2,4.2,0.4,1.6,15
Enzo,6,3,5.1,9.4,8.0,59
Gallagher,6,3,5.9,0.1,0.0,0
Gilchrist,6,2,4.0,0.0,0.0,0
Gusto,6,2,4.9,2.0,1.8,20
James,6,2,4.8,0.2,0.0,5
Kellyman,6,3,4.4,0.0,0.0,0
Lavia,6,3,4.5,0.9,0.6,15
Lukaku,6,4,6.3,0.2,0.0,0
M.Sarr,6,2,4.5,0.0,0.0,0
Madueke,6,3,6.3,7.0,5.2,75
Marc Guiu,6,4,4.7,0.5,0.0,1
Mudryk,6,3,6.2,0.2,0.0,7
N.Jackson,6,4,8.2,29.1,5.8,89
Nkunku,6,3,5.8,2.3,3.4,32
Palmer,6,3,11.2,63.6,8.8,128
Petrović,6,1,4.4,0.2,0.0,0
Renato Veiga,6,3,4.5,0.2,0.4,7
Sánchez,6,1,4.8,13.1,2.2,55
Tosin,6,2,4.2,0.2,0.8,11
W.Fofana,6,2,4.4,0.3,0.6,19
Sancho,6,3,6.2,1.4,4.0,39
Neto,6,3,6.2,0.8,0.8,29
Wiley,6,2,4.0,0.0,0.0,0
Jørgensen,6,1,4.2,0.2,0.6,3
João Félix,6,3,6.0,0.5,1.8,18
Rak-Sakyi,6,3,4.5,0.0,0.0,0
George,6,3,4.5,0.0,0.0,0
Acheampong,6,2,4.0,0.0,0.0,0
Nketiah,7,4,5.9,0.4,1.2,18
Chalobah,7,2,4.4,0.6,3.6,38
Ahamada,7,3,4.5,0.1,0.0,0
C.Doucouré,7,3,4.9,0.1,0.6,11
C.Richards,7,2,4.4,0.1,0.4,11
Chadi Riad,7,2,4.3,0.0,0.0,1
Clyne,7,2,4.3,0.1,0.4,14
Ebiowei,7,3,4.5,0.0,0.0,0
Eze,7,3,6.6,7.4,2.2,42
Guéhi,7,2,4.5,7.4,2.0,47
Henderson,7,1,4.4,10.6,3.8,55
Holding,7,2,4.3,0.1,0.0,0
Hughes,7,3,4.9,0.1,4.0,29
Kamada,7,3,5.1,0.1,0.2,15
Lerma,7,3,4.8,0.0,1.4,16
Mateta,7,4,7.2,2.4,3.6,53
M.França,7,3,4.4,0.4,0.0,0
Matthews,7,1,3.9,0.5,0.0,0
Mitchell,7,2,4.8,1.5,3.8,45
Muñoz,7,2,4.7,2.8,5.2,51
Ozoh,7,3,4.5,0.0,0.0,0
Rak-Sakyi,7,3,4.5,0.0,0.0,0
Schlupp,7,3,4.7,0.1,0.4,10
Ward,7,2,4.3,0.1,0.0,0
Wharton,7,3,4.7,0.2,0.0,15
Turner,7,1,4.0,10.6,0.0,0
I.Sarr,7,3,5.7,0.5,7.2,54
Umeh-Chibueze,7,3,4.4,0.0,0.0,0
Devenny,7,3,4.5,0.2,2.4,14
Agbinone,7,3,4.5,0.0,0.0,2
Rodney,7,3,4.5,0.0,0.0,0
Lacroix,7,2,4.5,0.3,4.0,40
Kporha,7,2,4.0,0.0,0.0,1
Marsh,7,4,4.5,0.4,0.0,0
Broja,8,4,5.4,0.1,0.2,1
A.Doucoure,8,3,5.1,0.2,2.8,30
Beto,8,4,5.0,0.6,0.8,16
Branthwaite,8,2,4.8,1.0,4.8,29
Calvert-Lewin,8,4,5.5,1.6,2.5,45
Coleman,8,2,4.3,0.0,0.0,1
Gana,8,3,4.9,0.1,2.5,29
Garner,8,3,4.9,0.0,0.0,7
Harrison,8,3,5.2,0.1,1.2,27
Holgate,8,2,4.0,0.2,0.0,1
Iroegbunam,8,3,4.4,0.4,0.0,8
J.Virginia,8,1,3.9,0.7,0.0,0
Keane,8,2,4.1,6.3,0.0,32
Maupay,8,4,4.9,0.3,0.0,0
McNeil,8,3,5.4,3.5,3.5,65
Mykolenko,8,2,4.3,4.5,5.8,45
Ndiaye,8,4,5.4,0.6,2.0,41
Patterson,8,2,4.4,0.0,0.2,1
Pickford,8,1,4.9,9.8,5.0,66
Tarkowski,8,2,4.8,1.6,4.8,49
Y. Chermiti,8,4,4.9,0.0,0.0,0
Young,8,2,4.7,3.5,7.0,62
Lindstrøm,8,3,5.1,0.1,1.8,19
O'Brien,8,2,4.6,0.1,0.2,1
Armstrong,8,3,4.5,0.2,0.0,1
Metcalfe,8,3,4.5,0.0,0.0,0
Begovic,8,1,4.0,0.3,0.0,0
Dixon,8,2,4.0,0.1,0.0,0
Mangala,8,3,5.0,0.0,3.0,25
Bates,8,3,4.5,0.0,0.0,0
Nelson,9,3,5.0,0.1,1.4,27
Smith Rowe,9,3,5.5,17.5,1.4,61
Andersen,9,2,4.2,4.2,0.0,20
Adama,9,3,4.8,1.9,0.8,42
Andreas,9,3,5.0,1.1,2.0,41
Bassey,9,2,4.5,0.4,0.8,29
Benda,9,1,4.0,0.4,0.0,0
Cairney,9,3,4.8,0.0,0.8,10
Castagne,9,2,4.2,0.7,0.8,6
Diop,9,2,4.4,0.2,1.2,14
Harris,9,3,4.5,0.0,0.0,0
Iwobi,9,3,5.7,5.3,6.2,78
Leno,9,1,5.0,2.5,1.6,47
Lukić,9,3,4.8,0.0,1.2,17
Mbabu,9,2,4.0,0.2,0.0,0
Muniz,9,4,5.5,1.6,2.4,32
Raúl,9,4,5.5,5.8,3.0,63
Ream,9,2,4.5,0.0,0.0,0
Reed,9,3,4.7,0.0,0.0,6
Robinson,9,2,4.8,19.0,3.0,55
Stansfield,9,4,5.0,0.0,0.0,1
Tete,9,2,4.5,0.4,2.2,37
Vinicius,9,4,5.0,0.3,0.0,0
Wilson,9,3,5.2,0.3,1.4,30
Sessegnon,9,2,4.2,0.1,0.2,1
J.Cuenca,9,2,4.4,0.0,0.6,4
King,9,3,4.5,0.1,0.2,1
Godo,9,3,4.5,0.0,0.0,0
Berge,9,3,5.0,0.0,1.6,23
Amissah,9,2,4.0,0.0,0.0,0
Al-Hamadi,10,4,4.8,0.3,0.8,5
Baggott,10,2,4.0,0.0,0.0,0
Broadhead,10,3,4.9,0.0,0.4,2
Burgess,10,2,4.0,2.5,2.0,15
Burns,10,3,4.8,0.0,2.2,21
Chaplin,10,3,5.1,0.1,3.2,31
H.Clarke,10,2,4.0,0.1,0.8,0
Davis,10,2,4.5,2.5,1.8,41
Delap,10,4,5.6,3.9,1.6,59
Edmundson,10,2,4.0,0.1,0.0,1
Greaves,10,2,4.0,3.7,0.2,12
Harness,10,3,4.9,0.0,0.0,2
Hirst,10,4,5.4,0.0,0.0,17
Humphreys,10,3,4.5,0.0,0.0,0
Hutchinson,10,3,5.2,0.4,3.4,39
Johnson,10,2,3.9,2.2,0.4,9
Ladapo,10,4,4.5,0.5,0.0,0
Luongo,10,3,4.4,0.3,0.0,7
Morsy,10,3,4.9,0.2,2.0,40
Ndaba,10,2,4.0,0.0,0.0,0
Slicker,10,1,4.0,0.6,0.0,0
Taylor,10,3,4.8,0.0,2.2,15
Tuanzebe,10,2,4.0,1.9,0.6,15
Walton,10,1,4.3,0.2,0.0,2
Woolfenden,10,2,4.0,1.5,0.0,4
Phillips,10,3,4.8,0.1,0.0,11
Muric,10,1,4.4,1.1,3.0,44
Townsend,10,2,4.0,0.4,0.0,1
Szmodics,10,3,5.8,0.3,1.2,40
Cajuste,10,3,4.5,0.1,1.6,15
O'Shea,10,2,4.0,2.0,1.4,21
J.Clarke,10,3,5.5,0.0,1.8,23
Ogbene,10,3,4.9,0.0,0.0,7
Buonanotte,11,3,5.0,1.0,2.4,50
J.Ayew,11,3,5.2,0.2,2.4,36
Edouard,11,4,5.1,0.2,0.0,7
B.Soumaré,11,3,4.4,0.4,1.0,9
Cannon,11,4,4.5,0.4,0.0,0
Choudhury,11,3,4.3,1.3,0.2,2
Coady,11,2,4.0,0.4,0.6,3
Daka,11,4,4.8,0.8,2.2,11
De Cordova-Reid,11,3,5.2,0.1,3.6,26
Faes,11,2,4.1,10.3,0.4,25
Golding,11,3,4.4,0.2,0.0,0
Hermansen,11,1,4.5,0.8,2.0,38
Iversen,11,1,3.9,0.6,0.0,0
Justin,11,2,4.4,2.4,0.6,35
Kristiansen,11,2,4.5,0.1,1.4,20
Marcal,11,3,4.5,0.0,0.0,0
Mavididi,11,3,5.2,0.4,1.0,34
McAteer,11,3,4.7,0.1,2.4,17
Ndidi,11,3,5.0,0.3,1.2,37
Okoli,11,2,4.0,1.0,0.2,14
Ricardo,11,2,4.1,0.1,0.0,2
Souttar,11,2,4.0,0.0,0.0,0
Stolarczyk,11,1,4.0,0.0,0.0,0
Thomas,11,2,3.9,1.8,0.0,0
Vardy,11,4,5.6,9.4,4.8,67
Vestergaard,11,2,4.0,1.7,0.2,6
Ward,11,1,4.0,2.0,0.2,1
Winks,11,3,4.5,7.2,0.2,23
Skipp,11,3,4.8,0.0,0.8,13
A.Fatawu,11,3,5.2,0.2,0.0,26
Alves,11,3,4.5,0.1,0.0,0
Nelson,11,2,4.0,0.0,0.0,0
El Khannouss,11,3,4.8,0.3,4.0,28
Cartwright,11,3,4.5,0.0,0.0,0
A.Becker,12,1,5.4,5.6,0.2,36
Alexander-Arnold,12,2,7.0,21.8,3.8,62
Bajcetic,12,3,4.5,0.0,0.0,0
Bradley,12,2,4.7,0.3,0.0,11
Clark,12,3,4.5,0.0,0.0,0
Darwin,12,4,7.1,2.1,1.8,30
Diogo J.,12,3,7.2,3.0,2.0,43
Doak,12,3,4.5,0.0,0.0,0
Elliott,12,3,5.2,0.2,0.5,3
Endo,12,3,4.7,0.1,0.2,6
Gakpo,12,4,7.1,3.1,5.2,43
Gomez,12,2,4.9,2.1,2.0,11
Gravenberch,12,3,5.0,0.9,2.5,37
Jones,12,3,5.3,0.6,2.8,39
Kelleher,12,1,4.5,3.8,4.0,37
Konaté,12,2,5.1,4.2,0.0,46
Luis Díaz,12,3,7.4,15.0,2.2,73
M.Salah,12,3,13.4,63.5,12.2,156
Mac Allister,12,3,6.2,1.3,1.2,25
McConnell,12,3,4.4,0.1,0.0,0
Morton,12,3,4.4,0.1,0.0,0
N.Phillips,12,2,4.0,0.1,0.0,0
Quansah,12,2,3.9,1.8,0.5,3
R.Williams,12,2,4.0,0.1,0.0,0
Robertson,12,2,5.9,5.3,1.2,44
Szoboszlai,12,3,6.3,1.5,4.0,43
Tsimikas,12,2,4.6,0.2,0.0,13
Virgil,12,2,6.5,25.1,2.2,65
Chiesa,12,3,6.8,0.1,0.0,1
Jaros,12,1,4.0,0.2,0.0,1
Davies,12,1,4.0,0.0,0.0,0
Nyoni,12,3,4.5,0.0,0.0,0
Nallo,12,2,4.0,0.0,0.0,0
Akanji,13,2,5.3,2.7,0.0,23
Aké,13,2,5.3,0.8,1.4,9
Bernardo,13,3,6.3,3.5,3.6,51
Bobb,13,3,4.7,0.1,0.0,0
Carson,13,1,4.0,0.2,0.0,0
De Bruyne,13,3,9.5,4.9,4.6,42
Doku,13,3,6.2,1.7,3.6,40
Ederson M.,13,1,5.4,6.3,0.4,34
Foden,13,3,9.1,3.9,1.0,21
Grealish,13,3,6.4,0.2,1.4,22
Gvardiol,13,2,6.1,23.8,2.8,64
Haaland,13,4,14.9,37.6,3.6,100
J.Alvarez,13,4,7.0,0.1,0.0,0
João Cancelo,13,2,5.3,0.2,0.0,0
Kovačić,13,3,5.4,1.3,0.2,46
Lewis,13,2,4.6,7.6,1.2,36
Matheus N.,13,3,4.9,0.2,2.0,28
McAtee,13,3,4.6,0.0,0.2,2
Ortega Moreno,13,1,5.2,0.6,2.0,10
Rodrigo,13,3,6.3,0.8,0.0,2
Rúben,13,2,5.4,3.0,1.8,28
Stones,13,2,5.3,1.3,0.0,20
Walker,13,2,5.2,3.4,0.6,11
Sávio,13,3,6.4,0.8,1.4,36
O’Reilly,13,3,4.9,0.0,0.0,0
Gündogan,13,3,6.5,0.4,1.8,30
Kaboré,13,2,4.5,0.0,0.0,0
Wright,13,3,4.5,0.0,0.0,0
Simpson-Pusey,13,2,4.0,0.0,0.0,0
Wilson-Esbrand,13,2,4.0,0.0,0.0,0
Mubama,13,4,4.5,0.0,0.0,0
Amad,14,3,5.2,12.1,7.6,65
Antony,14,3,5.7,0.2,0.4,4
B.Fernandes,14,3,8.4,14.4,6.2,81
Bayindir,14,1,4.3,0.1,0.0,0
Casemiro,14,3,4.8,0.6,0.8,29
Dalot,14,2,5.2,10.1,2.4,51
Eriksen,14,3,5.3,0.2,0.4,16
Evans,14,2,4.4,0.1,0.2,14
Garnacho,14,3,6.2,6.9,1.6,48
Hannibal,14,3,4.5,0.0,0.0,0
Heaton,14,1,4.0,0.2,0.0,0
Højlund,14,4,6.9,1.8,2.4,33
Lindelof,14,2,4.3,0.1,0.2,4
Maguire,14,2,4.9,0.5,0.8,12
Mainoo,14,3,5.2,2.0,1.2,19
Malacia,14,2,4.4,0.0,0.0,0
Martinez,14,2,4.4,3.8,2.4,41
McTominay,14,3,4.9,0.1,0.0,2
Mount,14,3,6.3,0.1,1.0,8
Onana,14,1,5.2,9.9,2.8,67
Pellistri,14,3,5.0,0.0,0.0,0
Rashford,14,3,6.8,3.6,4.8,54
Shaw,14,2,4.9,0.2,0.4,2
Zirkzee,14,4,6.6,1.7,3.4,40
Yoro,14,2,4.3,0.2,0.6,3
De Ligt,14,2,5.0,4.7,1.4,42
Mazraoui,14,2,4.7,16.1,1.4,46
Collyer,14,3,4.5,0.0,0.0,1
Wheatley,14,4,4.5,1.8,0.0,0
Ugarte,14,3,4.9,0.1,1.4,15
Fletcher,14,3,4.5,0.0,0.0,0
Amass,14,2,4.0,0.0,0.0,0
Fitzgerald,14,3,4.5,0.0,0.0,0
Kukonki,14,2,4.0,0.0,0.0,0
A.Murphy,15,2,4.0,0.8,0.0,0
Almirón,15,3,5.5,0.4,0.2,7
Barnes,15,3,6.2,2.0,2.4,61
Botman,15,2,4.4,0.0,0.0,0
Bruno G.,15,3,6.1,1.7,4.2,49
Burn,15,2,4.4,6.9,2.2,38
Dúbravka,15,1,4.2,0.7,1.2,6
Gordon,15,3,7.2,9.1,4.4,61
Hall,15,2,4.6,10.0,4.0,52
Hayden,15,3,4.4,0.1,0.0,0
Isak,15,4,8.7,28.3,6.6,80
J.Murphy,15,3,4.9,0.7,4.6,42
Joelinton,15,3,6.0,1.3,1.8,45
Kelly,15,2,4.3,0.1,0.0,10
Krafth,15,2,4.3,0.1,0.0,10
Kuol,15,3,4.4,0.0,0.0,0
Lascelles,15,2,4.5,0.0,0.0,0
Lewis,15,2,4.0,0.2,0.0,0
Livramento,15,2,4.5,2.2,2.0,37
Longstaff,15,3,4.7,0.5,1.2,24
Miley,15,3,5.0,0.0,0.0,0
Odysseas,15,1,4.3,0.1,0.0,0
Pope,15,1,5.0,5.2,1.0,48
Ruddy,15,1,4.0,0.3,0.0,0
Schär,15,2,5.4,2.0,3.2,38
Targett,15,2,4.0,0.3,0.0,0
Tonali,15,3,5.5,0.3,1.6,22
Trippier,15,2,5.6,3.3,0.6,16
White,15,3,4.5,0.1,0.0,0
Willock,15,3,4.8,0.2,1.0,19
Wilson,15,4,6.9,0.1,0.6,3
Pivas,15,2,4.0,0.1,0.0,0
Osula,15,4,4.9,0.2,0.2,5
Alex Moreno,16,2,4.4,0.6,0.6,30
Aina,16,2,4.9,14.7,2.4,60
Anderson,16,3,5.0,0.2,3.2,44
Awoniyi,16,4,5.5,0.3,0.8,12
Boly,16,2,4.2,0.1,0.2,4
Bowler,16,3,4.5,0.0,0.0,0
C.Miguel,16,1,4.2,0.2,0.0,0
Da Silva Moreira,16,3,4.4,0.1,0.2,2
Danilo,16,3,4.7,0.0,0.0,1
Dennis,16,4,4.9,0.3,0.0,0
Dominguez,16,3,4.8,0.0,1.4,19
Elanga,16,3,5.1,0.7,2.2,36
Gibbs-White,16,3,6.3,1.4,4.8,45
Hudson-Odoi,16,3,5.4,1.8,2.4,50
Mighten,16,3,4.5,0.0,0.0,0
Murillo,16,2,4.6,3.4,2.2,55
N.Williams,16,2,4.3,0.4,1.8,22
O.Richards,16,2,4.5,0.0,0.0,0
O'Brien,16,3,5.0,0.0,0.0,0
Omobamidele,16,2,4.3,0.1,0.0,0
Panzo,16,2,4.0,0.0,0.0,0
Sangaré,16,3,4.4,0.7,0.0,4
Sels,16,1,4.7,8.1,2.8,64
Toffolo,16,2,4.3,0.1,0.0,1
Ui-jo,16,4,4.5,1.2,0.0,0
Wood,16,4,6.6,24.3,4.4,90
Worrall,16,2,4.5,0.0,0.0,0
Yates,16,3,4.9,0.2,1.8,39
Ward-Prowse,16,3,6.2,0.5,0.4,9
Milenković,16,2,4.6,2.6,4.6,59
Jota Silva,16,3,5.9,0.1,2.2,23
Sosa,16,3,5.5,0.0,0.6,15
Morato,16,2,4.5,0.0,0.8,9
Ramsdale,17,1,4.4,1.3,0.0,26
Archer,17,4,5.0,2.2,1.6,35
Ugochukwu,17,3,4.5,0.3,0.2,6
Fraser,17,3,4.8,0.0,1.0,6
Alcaraz,17,3,4.9,0.0,0.0,1
Amo-Ameyaw,17,3,4.4,0.1,0.0,1
Aribo,17,3,4.9,0.1,2.6,36
Armstrong,17,4,5.1,1.0,3.4,32
Bazunu,17,1,4.3,0.1,0.0,0
Bednarek,17,2,4.0,2.4,0.0,17
Bella-Kotchap,17,2,3.9,0.5,0.0,0
Bree,17,2,3.9,0.3,0.2,2
Charles,17,3,4.5,0.0,0.0,0
Edozie,17,3,4.9,0.0,0.0,1
Edwards,17,2,3.9,0.4,0.2,1
Harwood-Bellis,17,2,4.1,8.5,0.8,26
Kamaldeen,17,3,5.0,0.0,0.8,6
Lallana,17,3,5.0,0.0,0.0,11
Larios,17,2,4.0,0.1,0.0,0
Lis,17,1,4.0,0.1,0.0,0
Lumley,17,1,4.0,0.5,1.6,8
Manning,17,2,4.3,0.1,0.8,12
Mara,17,4,5.0,0.0,0.0,0
McCarthy,17,1,4.3,0.2,0.8,10
Onuachu,17,4,4.9,0.2,0.2,5
Smallbone,17,3,5.0,0.0,0.0,6
Stephens,17,2,4.0,0.6,0.0,10
Stewart,17,4,4.4,2.2,0.0,3
Sugawara,17,2,4.4,0.2,0.8,28
Taylor,17,2,3.9,5.0,0.2,6
Walker-Peters,17,2,4.4,0.3,1.4,28
Wood,17,2,4.0,1.3,0.4,2
Cornet,17,3,4.7,0.0,0.0,1
Downes,17,3,4.8,0.0,2.2,28
Brereton Díaz,17,3,4.9,0.2,0.6,13
Dibling,17,3,4.5,2.3,1.4,28
M.Fernandes,17,3,5.0,0.0,2.8,34
O'Brien-Whitmarsh,17,3,4.5,0.0,0.0,0
Solanke,18,4,7.5,8.6,3.6,61
A.Phillips,18,2,4.0,0.2,0.0,0
Austin,18,1,4.0,0.5,0.0,0
Bentancur,18,3,4.9,0.1,0.0,19
Bergvall,18,3,4.4,0.8,1.2,11
Bissouma,18,3,4.9,0.3,1.2,31
Bryan,18,3,5.0,0.0,0.0,0
Davies,18,2,4.3,0.2,1.8,10
Devine,18,3,4.5,0.1,0.0,0
Dragusin,18,2,4.3,0.4,3.2,21
E.Royal,18,2,4.5,0.0,0.0,0
Forster,18,1,4.3,0.7,3.0,15
Gray,18,3,4.6,0.1,1.4,12
Højbjerg,18,3,5.0,0.0,0.0,0
Johnson,18,3,6.6,8.0,4.4,71
Kulusevski,18,3,6.3,4.2,4.8,65
Lo Celso,18,3,4.9,0.0,0.0,0
Maddison,18,3,7.6,7.8,7.8,91
Pedro Porro,18,2,5.6,29.3,5.2,61
Reguilón,18,2,4.2,0.2,0.0,0
Richarlison,18,4,6.8,0.3,0.0,7
Romero,18,2,5.0,4.6,0.2,35
P.M.Sarr,18,3,4.8,0.2,3.0,34
Scarlett,18,4,4.5,0.1,0.0,0
Solomon,18,3,5.4,0.0,0.0,0
Son,18,3,9.8,5.1,6.0,77
Spence,18,2,4.4,0.1,2.0,12
Udogie,18,2,4.9,2.9,2.2,34
Van de Ven,18,2,4.5,3.4,0.2,28
Veliz,18,4,5.0,0.0,0.0,0
Vicario,18,1,4.9,2.1,1.6,37
Werner,18,3,6.2,0.2,2.8,28
Whiteman,18,1,4.0,1.3,0.0,0
Lankshear,18,4,4.5,1.7,0.4,2
Moore,18,3,4.5,0.2,0.0,5
Odobert,18,3,5.3,0.0,0.0,6
Olusesi,18,3,4.5,0.0,0.0,0
Hardy,18,2,4.0,0.0,0.0,0
Williams-Barnett,18,3,4.5,0.0,0.0,0
Dorrington,18,2,4.0,0.0,1.0,1
King,18,2,4.0,0.0,0.0,0
Wan-Bissaka,19,2,4.6,6.4,5.8,47
Álvarez,19,3,5.0,0.1,1.2,12
Antonio,19,4,5.4,1.3,1.0,42
Areola,19,1,4.2,4.5,0.0,15
Bowen,19,3,7.4,6.9,5.0,75
Coufal,19,2,4.2,0.5,0.8,13
Cresswell,19,2,3.9,1.5,0.2,4
Earthy,19,3,4.5,0.0,0.0,0
Emerson,19,2,4.4,0.9,3.2,35
Fabianski,19,1,4.1,20.0,2.6,28
Foderingham,19,1,4.3,0.1,0.0,0
Ings,19,4,5.0,1.5,0.8,23
Kilman,19,2,4.5,1.8,2.2,38
Kudus,19,3,6.2,2.5,2.4,35
L.Guilherme,19,3,4.7,0.0,0.0,2
L.Paquetá,19,3,5.7,1.2,4.0,49
Mavropanos,19,2,4.4,0.1,1.2,22
N.Aguerd,19,2,4.4,0.0,0.0,0
Souček,19,3,4.9,2.1,4.8,56
Zouma,19,2,4.4,0.2,0.0,0
Irving,19,3,4.8,0.0,0.4,4
Summerville,19,3,5.7,0.4,2.0,28
G.Rodríguez,19,3,4.8,0.1,0.4,21
Füllkrug,19,4,6.7,0.9,1.4,10
Todibo,19,2,4.3,0.3,0.4,16
Casey,19,2,4.0,0.2,0.2,1
C.Soler,19,3,5.0,0.0,2.4,17
Scarles,19,2,4.0,0.0,0.2,1
Mayers,19,2,4.0,0.0,0.0,0
Orford,19,3,4.5,0.0,0.0,0
Johnstone,20,1,4.3,0.4,0.4,12
Aït-Nouri,20,2,4.8,10.2,0.8,40
B.Traore,20,3,4.8,0.0,0.0,0
Bellegarde,20,3,5.0,0.1,2.0,32
Bentley,20,1,4.0,1.5,0.0,0
Chiquinho,20,3,4.5,0.1,0.0,1
Chirewa,20,3,4.5,0.0,0.0,0
Chiwome,20,4,4.5,2.3,0.0,0
Cundle,20,3,4.5,0.2,0.0,0
Cunha,20,4,7.1,23.7,6.0,89
Dawson,20,2,4.4,0.2,-0.8,14
Doherty,20,2,4.3,0.2,1.4,10
Doyle,20,3,4.8,0.0,0.8,17
Fábio Silva,20,4,5.0,0.1,0.0,0
Fraser,20,4,4.5,1.5,0.0,0
Gonzalez,20,3,4.4,0.0,0.0,0
Guedes,20,3,5.3,0.1,3.2,26
H.Bueno,20,2,4.5,0.0,0.0,0
Hee Chan,20,3,6.1,0.3,0.8,11
Hodge,20,3,4.5,0.2,0.0,0
Hoever,20,2,4.0,0.1,0.0,0
J.Gomes,20,3,4.9,0.6,3.4,43
José Sá,20,1,4.3,1.5,0.4,15
Kalajdžić,20,4,4.8,0.0,0.0,0
King,20,1,4.0,1.5,0.0,0
Mario Jr.,20,3,5.0,0.4,2.4,46
Mosquera,20,2,3.9,0.5,0.0,3
N.Semedo,20,2,4.5,0.3,0.6,20
Pedro Lima,20,2,3.9,1.3,0.0,0
Podence,20,3,5.5,0.0,0.0,2
R.Gomes,20,3,5.2,0.1,1.0,11
S.Bueno,20,2,4.3,0.1,0.4,12
Sarabia,20,3,5.1,0.1,0.0,10
Strand Larsen,20,4,5.7,4.5,4.4,67
Toti,20,2,4.3,0.3,1.2,20
Meupiyou,20,2,4.0,0.1,0.0,0
André,20,3,5.0,0.0,1.8,17
Forbs,20,3,5.5,0.0,0.2,5
Pond,20,2,3.9,0.7,0.2,1
Edozie,20,3,4.5,0.0,0.0,0
