Player,GW,Predicted Points
Palmer,21,6.0
Palmer,22,6.4
Palmer,23,4.4
Palmer,24,6.5
Palmer,25,4.8
Palmer,26,4.7
M.Salah,21,5.8
M.Salah,22,7.0
M.Salah,23,6.8
M.Salah,24,5.8
M.Salah,25,7.0
M.Salah,26,5.8
Isak,21,5.1
Isak,22,5.1
Isak,23,5.1
Isak,24,5.0
Isak,25,3.8
Isak,26,5.3
Forster,21,4.6
Forster,22,4.0
Forster,23,3.3
Forster,24,4.3
Forster,25,3.4
Forster,26,3.5
José Sá,21,4.5
José Sá,22,4.5
José Sá,23,3.6
José Sá,24,3.4
José Sá,25,5.1
José Sá,26,4.3
Travers,21,4.4
Travers,22,4.4
Travers,23,3.3
Travers,24,3.9
Travers,25,4.2
Travers,26,3.2
Arrizabalaga,21,4.4
Arrizabalaga,22,4.4
Arrizabalaga,23,3.4
Arrizabalaga,24,4.0
Arrizabalaga,25,4.2
Arrizabalaga,26,3.3
Austin,21,4.4
Austin,22,3.7
Austin,23,3.3
Austin,24,4.0
Austin,25,3.4
Austin,26,3.2
Whiteman,21,4.4
Whiteman,22,3.7
Whiteman,23,3.3
Whiteman,24,4.0
Whiteman,25,3.4
Whiteman,26,3.2
Leno,21,4.3
Leno,22,4.0
Leno,23,3.9
Leno,24,4.8
Leno,25,3.9
Leno,26,3.9
Ramsdale,21,4.3
Ramsdale,22,3.8
Ramsdale,23,3.7
Ramsdale,24,3.4
Ramsdale,25,3.5
Ramsdale,26,3.5
Dennis,21,4.2
Dennis,22,4.2
Dennis,23,3.4
Dennis,24,3.9
Dennis,25,4.0
Dennis,26,3.3
King,21,4.2
King,22,4.2
King,23,3.4
King,24,3.2
King,25,4.8
King,26,4.0
McCarthy,21,4.2
McCarthy,22,3.7
McCarthy,23,3.7
McCarthy,24,3.4
McCarthy,25,3.5
McCarthy,26,3.5
Haaland,21,4.2
Haaland,22,4.3
Haaland,23,4.6
Haaland,24,3.5
Haaland,25,4.9
Haaland,26,4.5
Mbeumo,21,4.2
Mbeumo,22,4.7
Mbeumo,23,5.1
Mbeumo,24,5.3
Mbeumo,25,5.6
Mbeumo,26,5.5
Johnstone,21,4.2
Johnstone,22,4.2
Johnstone,23,3.3
Johnstone,24,3.1
Johnstone,25,4.7
Johnstone,26,4.0
Bentley,21,4.2
Bentley,22,4.2
Bentley,23,3.4
Bentley,24,3.2
Bentley,25,4.7
Bentley,26,4.0
B.Fernandes,21,4.1
B.Fernandes,22,4.1
B.Fernandes,23,3.6
B.Fernandes,24,4.0
B.Fernandes,25,3.9
B.Fernandes,26,3.4
Martinez,21,4.1
Martinez,22,4.8
Martinez,23,3.4
Martinez,24,4.1
Martinez,25,3.0
Martinez,26,3.6
Brits,21,4.1
Brits,22,3.3
Brits,23,3.6
Brits,24,4.4
Brits,25,3.7
Brits,26,4.0
Flekken,21,4.0
Flekken,22,4.1
Flekken,23,4.4
Flekken,24,3.9
Flekken,25,4.3
Flekken,26,4.0
Carson,21,4.0
Carson,22,3.2
Carson,23,3.5
Carson,24,4.4
Carson,25,3.7
Carson,26,3.9
Lumley,21,4.0
Lumley,22,3.5
Lumley,23,3.6
Lumley,24,3.2
Lumley,25,3.5
Lumley,26,3.4
C.Miguel,21,4.0
C.Miguel,22,3.0
C.Miguel,23,4.3
C.Miguel,24,3.5
C.Miguel,25,4.2
C.Miguel,26,4.5
Alexander-Arnold,21,4.0
Alexander-Arnold,22,4.5
Alexander-Arnold,23,4.3
Alexander-Arnold,24,3.9
Alexander-Arnold,25,4.5
Alexander-Arnold,26,4.1
Sels,21,3.9
Sels,22,3.0
Sels,23,4.2
Sels,24,3.5
Sels,25,4.1
Sels,26,4.4
Raya,21,3.9
Raya,22,3.5
Raya,23,4.0
Raya,24,4.1
Raya,25,3.8
Raya,26,3.6
A.Becker,21,3.9
A.Becker,22,4.4
A.Becker,23,3.0
A.Becker,24,4.4
A.Becker,25,3.4
A.Becker,26,5.0
Trippier,21,3.9
Trippier,22,3.9
Trippier,23,3.8
Trippier,24,3.7
Trippier,25,3.6
Trippier,26,3.8
Kelleher,21,3.9
Kelleher,22,4.3
Kelleher,23,3.0
Kelleher,24,4.4
Kelleher,25,3.4
Kelleher,26,4.9
Olsen,21,3.8
Olsen,22,4.5
Olsen,23,3.2
Olsen,24,3.8
Olsen,25,2.8
Olsen,26,3.4
Henderson,21,3.8
Henderson,22,4.0
Henderson,23,3.2
Henderson,24,4.4
Henderson,25,3.0
Henderson,26,4.2
Valdimarsson,21,3.8
Valdimarsson,22,3.9
Valdimarsson,23,3.7
Valdimarsson,24,3.6
Valdimarsson,25,3.6
Valdimarsson,26,3.4
Ederson M.,21,3.8
Ederson M.,22,3.0
Ederson M.,23,3.2
Ederson M.,24,4.1
Ederson M.,25,3.3
Ederson M.,26,3.6
Setford,21,3.7
Setford,22,3.3
Setford,23,3.9
Setford,24,3.9
Setford,25,3.8
Setford,26,3.4
Benda,21,3.7
Benda,22,3.5
Benda,23,3.4
Benda,24,4.2
Benda,25,3.4
Benda,26,3.4
Neto,21,3.7
Neto,22,3.2
Neto,23,3.9
Neto,24,3.8
Neto,25,3.7
Neto,26,3.3
Gauci,21,3.7
Gauci,22,4.4
Gauci,23,3.3
Gauci,24,3.6
Gauci,25,2.9
Gauci,26,3.5
Zych,21,3.7
Zych,22,4.4
Zych,23,3.3
Zych,24,3.6
Zych,25,2.9
Zych,26,3.5
Saliba,21,3.7
Saliba,22,3.6
Saliba,23,3.8
Saliba,24,3.6
Saliba,25,3.8
Saliba,26,3.7
McNeil,21,3.7
McNeil,22,3.4
McNeil,23,3.3
McNeil,24,4.1
McNeil,25,3.4
McNeil,26,3.4
Ortega Moreno,21,3.6
Ortega Moreno,22,2.9
Ortega Moreno,23,3.4
Ortega Moreno,24,4.0
Ortega Moreno,25,3.5
Ortega Moreno,26,3.8
Gordon,21,3.6
Gordon,22,3.4
Gordon,23,3.8
Gordon,24,3.2
Gordon,25,2.7
Gordon,26,3.3
Muric,21,3.6
Muric,22,4.0
Muric,23,5.3
Muric,24,3.1
Muric,25,4.7
Muric,26,3.8
Steele,21,3.6
Steele,22,4.4
Steele,23,3.0
Steele,24,3.9
Steele,25,3.5
Steele,26,4.4
Bruno G.,21,3.6
Bruno G.,22,3.5
Bruno G.,23,3.7
Bruno G.,24,3.3
Bruno G.,25,3.0
Bruno G.,26,3.4
Davies,21,3.6
Davies,22,4.0
Davies,23,2.9
Davies,24,4.0
Davies,25,3.3
Davies,26,4.6
Walton,21,3.5
Walton,22,3.9
Walton,23,5.1
Walton,24,3.0
Walton,25,4.5
Walton,26,3.7
Jørgensen,21,3.5
Jørgensen,22,3.3
Jørgensen,23,4.8
Jørgensen,24,3.3
Jørgensen,25,4.1
Jørgensen,26,4.4
Ødegaard,21,3.5
Ødegaard,22,3.7
Ødegaard,23,3.7
Ødegaard,24,3.2
Ødegaard,25,3.7
Ødegaard,26,3.9
Sánchez,21,3.5
Sánchez,22,3.3
Sánchez,23,5.3
Sánchez,24,3.3
Sánchez,25,4.6
Sánchez,26,4.9
Bettinelli,21,3.5
Bettinelli,22,3.3
Bettinelli,23,4.6
Bettinelli,24,3.3
Bettinelli,25,3.9
Bettinelli,26,4.2
Bergström,21,3.5
Bergström,22,3.3
Bergström,23,4.6
Bergström,24,3.3
Bergström,25,3.9
Bergström,26,4.2
Iwobi,21,3.5
Iwobi,22,3.5
Iwobi,23,3.2
Iwobi,24,3.1
Iwobi,25,3.3
Iwobi,26,3.3
Verbruggen,21,3.5
Verbruggen,22,4.3
Verbruggen,23,3.1
Verbruggen,24,3.8
Verbruggen,25,3.5
Verbruggen,26,4.3
Jaros,21,3.5
Jaros,22,3.9
Jaros,23,2.8
Jaros,24,4.0
Jaros,25,3.2
Jaros,26,4.5
Foden,21,3.5
Foden,22,3.3
Foden,23,3.5
Foden,24,2.6
Foden,25,3.6
Foden,26,3.3
Slicker,21,3.5
Slicker,22,3.8
Slicker,23,4.8
Slicker,24,2.9
Slicker,25,4.2
Slicker,26,3.7
Matthews,21,3.5
Matthews,22,3.7
Matthews,23,3.3
Matthews,24,4.0
Matthews,25,3.1
Matthews,26,3.9
Pope,21,3.5
Pope,22,3.7
Pope,23,4.1
Pope,24,3.6
Pope,25,4.7
Pope,26,3.5
Turner,21,3.4
Turner,22,3.7
Turner,23,3.3
Turner,24,4.0
Turner,25,3.0
Turner,26,3.9
Areola,21,3.4
Areola,22,3.3
Areola,23,4.3
Areola,24,4.3
Areola,25,3.3
Areola,26,4.5
Foderingham,21,3.4
Foderingham,22,3.3
Foderingham,23,4.4
Foderingham,24,4.4
Foderingham,25,3.3
Foderingham,26,4.6
Sávio,21,3.4
Sávio,22,3.4
Sávio,23,3.8
Sávio,24,2.9
Sávio,25,3.9
Sávio,26,3.7
Pedro Porro,21,3.4
Pedro Porro,22,3.3
Pedro Porro,23,3.8
Pedro Porro,24,3.7
Pedro Porro,25,3.3
Pedro Porro,26,3.3
Robinson,21,3.4
Robinson,22,3.3
Robinson,23,3.3
Robinson,24,3.4
Robinson,25,3.4
Robinson,26,3.3
Pickford,21,3.4
Pickford,22,3.8
Pickford,23,4.0
Pickford,24,3.4
Pickford,25,3.9
Pickford,26,3.5
Iversen,21,3.4
Iversen,22,3.4
Iversen,23,4.3
Iversen,24,3.7
Iversen,25,3.4
Iversen,26,3.3
De Bruyne,21,3.4
De Bruyne,22,3.3
De Bruyne,23,3.4
De Bruyne,24,2.6
De Bruyne,25,3.5
De Bruyne,26,3.3
Stolarczyk,21,3.4
Stolarczyk,22,3.4
Stolarczyk,23,4.3
Stolarczyk,24,3.7
Stolarczyk,25,3.4
Stolarczyk,26,3.3
Gvardiol,21,3.3
Gvardiol,22,2.9
Gvardiol,23,3.1
Gvardiol,24,3.2
Gvardiol,25,3.1
Gvardiol,26,3.2
Odysseas,21,3.3
Odysseas,22,3.5
Odysseas,23,4.3
Odysseas,24,3.5
Odysseas,25,4.9
Odysseas,26,3.4
Ruddy,21,3.3
Ruddy,22,3.5
Ruddy,23,4.0
Ruddy,24,3.4
Ruddy,25,4.6
Ruddy,26,3.4
Fabianski,21,3.3
Fabianski,22,3.2
Fabianski,23,4.1
Fabianski,24,4.1
Fabianski,25,3.2
Fabianski,26,4.3
Ward,21,3.3
Ward,22,3.3
Ward,23,4.2
Ward,24,3.6
Ward,25,3.3
Ward,26,3.3
Wissa,21,3.2
Wissa,22,3.3
Wissa,23,3.5
Wissa,24,3.8
Wissa,25,3.7
Wissa,26,3.8
Enzo,21,3.2
Enzo,22,3.3
Enzo,23,2.9
Enzo,24,3.2
Enzo,25,3.1
Enzo,26,3.0
Robertson,21,3.2
Robertson,22,3.7
Robertson,23,3.4
Robertson,24,3.2
Robertson,25,3.6
Robertson,26,3.5
Hall,21,3.2
Hall,22,3.2
Hall,23,3.2
Hall,24,3.1
Hall,25,3.3
Hall,26,3.1
Cahill,21,3.2
Cahill,22,4.1
Cahill,23,3.1
Cahill,24,3.6
Cahill,25,3.5
Cahill,26,4.0
Begovic,21,3.2
Begovic,22,3.7
Begovic,23,3.9
Begovic,24,3.3
Begovic,25,3.8
Begovic,26,3.4
J.Virginia,21,3.2
J.Virginia,22,3.7
J.Virginia,23,3.9
J.Virginia,24,3.3
J.Virginia,25,3.8
J.Virginia,26,3.4
Gibbs-White,21,3.2
Gibbs-White,22,3.6
Gibbs-White,23,2.8
Gibbs-White,24,3.5
Gibbs-White,25,3.0
Gibbs-White,26,2.9
Rice,21,3.2
Rice,22,3.4
Rice,23,3.7
Rice,24,3.2
Rice,25,3.8
Rice,26,3.7
Aina,21,3.2
Aina,22,3.1
Aina,23,3.1
Aina,24,3.1
Aina,25,3.2
Aina,26,3.4
J.Murphy,21,3.2
J.Murphy,22,3.0
J.Murphy,23,3.7
J.Murphy,24,2.9
J.Murphy,25,2.7
J.Murphy,26,3.0
Delap,21,3.2
Delap,22,3.0
Delap,23,2.6
Delap,24,3.6
Delap,25,2.7
Delap,26,3.2
Sancho,21,3.2
Sancho,22,3.3
Sancho,23,2.6
Sancho,24,3.4
Sancho,25,2.8
Sancho,26,2.7
Dúbravka,21,3.2
Dúbravka,22,3.4
Dúbravka,23,4.0
Dúbravka,24,3.3
Dúbravka,25,4.7
Dúbravka,26,3.2
Eze,21,3.1
Eze,22,3.2
Eze,23,3.1
Eze,24,3.1
Eze,25,3.2
Eze,26,3.0
N.Jackson,21,3.1
N.Jackson,22,3.2
N.Jackson,23,2.4
N.Jackson,24,3.2
N.Jackson,25,2.7
N.Jackson,26,2.6
Zabarnyi,21,3.1
Zabarnyi,22,3.2
Zabarnyi,23,2.7
Zabarnyi,24,2.9
Zabarnyi,25,2.9
Zabarnyi,26,2.8
Walker,21,3.1
Walker,22,2.7
Walker,23,2.8
Walker,24,3.0
Walker,25,2.8
Walker,26,2.9
J.Timber,21,3.1
J.Timber,22,3.1
J.Timber,23,3.2
J.Timber,24,3.1
J.Timber,25,3.1
J.Timber,26,3.2
Bernardo,21,3.1
Bernardo,22,3.0
Bernardo,23,3.0
Bernardo,24,2.5
Bernardo,25,3.1
Bernardo,26,2.9
I.Sarr,21,3.1
I.Sarr,22,3.1
I.Sarr,23,3.0
I.Sarr,24,2.9
I.Sarr,25,3.0
I.Sarr,26,2.8
Amad,21,3.1
Amad,22,3.0
Amad,23,2.7
Amad,24,2.9
Amad,25,2.9
Amad,26,2.7
Calafiori,21,3.1
Calafiori,22,3.1
Calafiori,23,3.1
Calafiori,24,3.0
Calafiori,25,3.0
Calafiori,26,3.2
Andersen,21,3.1
Andersen,22,3.0
Andersen,23,2.9
Andersen,24,3.2
Andersen,25,3.0
Andersen,26,2.9
Gabriel,21,3.1
Gabriel,22,3.0
Gabriel,23,3.2
Gabriel,24,3.0
Gabriel,25,3.1
Gabriel,26,3.1
Murillo,21,3.0
Murillo,22,2.9
Murillo,23,2.9
Murillo,24,2.9
Murillo,25,3.0
Murillo,26,3.2
Onana,21,3.0
Onana,22,3.6
Onana,23,4.3
Onana,24,3.4
Onana,25,4.7
Onana,26,4.1
Mitchell,21,3.0
Mitchell,22,3.2
Mitchell,23,3.1
Mitchell,24,3.1
Mitchell,25,3.0
Mitchell,26,3.1
Romero,21,3.0
Romero,22,2.8
Romero,23,3.0
Romero,24,3.1
Romero,25,2.8
Romero,26,2.7
Bayindir,21,3.0
Bayindir,22,3.5
Bayindir,23,4.2
Bayindir,24,3.4
Bayindir,25,4.6
Bayindir,26,4.0
Kerkez,21,3.0
Kerkez,22,3.0
Kerkez,23,3.1
Kerkez,24,3.1
Kerkez,25,2.8
Kerkez,26,3.1
Aït-Nouri,21,3.0
Aït-Nouri,22,3.0
Aït-Nouri,23,2.6
Aït-Nouri,24,2.6
Aït-Nouri,25,3.0
Aït-Nouri,26,2.7
Udogie,21,3.0
Udogie,22,2.7
Udogie,23,2.8
Udogie,24,3.1
Udogie,25,2.6
Udogie,26,2.7
Kudus,21,3.0
Kudus,22,3.0
Kudus,23,2.7
Kudus,24,2.7
Kudus,25,3.1
Kudus,26,2.4
Watkins,21,3.0
Watkins,22,2.4
Watkins,23,3.4
Watkins,24,2.9
Watkins,25,3.3
Watkins,26,3.0
Akanji,21,3.0
Akanji,22,2.5
Akanji,23,2.6
Akanji,24,2.9
Akanji,25,2.7
Akanji,26,2.8
Damsgaard,21,3.0
Damsgaard,22,3.0
Damsgaard,23,3.2
Damsgaard,24,3.2
Damsgaard,25,3.4
Damsgaard,26,3.4
Havertz,21,2.9
Havertz,22,3.0
Havertz,23,2.8
Havertz,24,2.8
Havertz,25,2.9
Havertz,26,3.1
Heaton,21,2.9
Heaton,22,3.5
Heaton,23,3.9
Heaton,24,3.4
Heaton,25,4.3
Heaton,26,3.7
Aké,21,2.9
Aké,22,2.5
Aké,23,2.6
Aké,24,2.9
Aké,25,2.6
Aké,26,2.7
Andreas,21,2.9
Andreas,22,2.9
Andreas,23,2.6
Andreas,24,2.5
Andreas,25,2.7
Andreas,26,2.7
Tielemans,21,2.9
Tielemans,22,2.6
Tielemans,23,3.0
Tielemans,24,3.1
Tielemans,25,2.9
Tielemans,26,2.7
Szoboszlai,21,2.9
Szoboszlai,22,3.2
Szoboszlai,23,3.0
Szoboszlai,24,2.7
Szoboszlai,25,3.1
Szoboszlai,26,2.7
Tarkowski,21,2.9
Tarkowski,22,3.0
Tarkowski,23,3.0
Tarkowski,24,3.1
Tarkowski,25,3.1
Tarkowski,26,2.8
Dalot,21,2.9
Dalot,22,3.0
Dalot,23,3.2
Dalot,24,2.9
Dalot,25,3.4
Dalot,26,3.0
Rúben,21,2.9
Rúben,22,2.5
Rúben,23,2.6
Rúben,24,2.9
Rúben,25,2.6
Rúben,26,2.7
Lacroix,21,2.9
Lacroix,22,3.0
Lacroix,23,2.7
Lacroix,24,3.0
Lacroix,25,2.6
Lacroix,26,3.0
Muñoz,21,2.9
Muñoz,22,3.0
Muñoz,23,2.9
Muñoz,24,3.0
Muñoz,25,2.8
Muñoz,26,3.0
Van de Ven,21,2.9
Van de Ven,22,2.6
Van de Ven,23,2.6
Van de Ven,24,3.0
Van de Ven,25,2.5
Van de Ven,26,2.5
S.Bueno,21,2.9
S.Bueno,22,2.9
S.Bueno,23,2.5
S.Bueno,24,2.4
S.Bueno,25,2.9
S.Bueno,26,2.5
Cook,21,2.9
Cook,22,2.8
Cook,23,3.0
Cook,24,2.8
Cook,25,3.4
Cook,26,3.0
Konsa,21,2.9
Konsa,22,3.2
Konsa,23,3.1
Konsa,24,3.0
Konsa,25,3.0
Konsa,26,3.1
Davis,21,2.9
Davis,22,2.8
Davis,23,3.0
Davis,24,2.8
Davis,25,3.0
Davis,26,2.9
Zinchenko,21,2.9
Zinchenko,22,2.8
Zinchenko,23,2.8
Zinchenko,24,2.8
Zinchenko,25,2.8
Zinchenko,26,2.9
Milenković,21,2.9
Milenković,22,2.6
Milenković,23,2.7
Milenković,24,2.7
Milenković,25,2.9
Milenković,26,3.1
Toti,21,2.9
Toti,22,2.8
Toti,23,2.6
Toti,24,2.6
Toti,25,2.9
Toti,26,2.5
Chalobah,21,2.9
Chalobah,22,3.0
Chalobah,23,2.8
Chalobah,24,2.9
Chalobah,25,2.8
Chalobah,26,2.9
Mateta,21,2.9
Mateta,22,2.8
Mateta,23,2.9
Mateta,24,2.6
Mateta,25,3.0
Mateta,26,2.6
Walker-Peters,21,2.9
Walker-Peters,22,2.7
Walker-Peters,23,2.9
Walker-Peters,24,2.6
Walker-Peters,25,2.9
Walker-Peters,26,2.8
Virgil,21,2.9
Virgil,22,3.2
Virgil,23,2.8
Virgil,24,2.8
Virgil,25,2.9
Virgil,26,3.2
Stones,21,2.8
Stones,22,2.4
Stones,23,2.5
Stones,24,2.7
Stones,25,2.5
Stones,26,2.6
João Pedro,21,2.8
João Pedro,22,2.8
João Pedro,23,3.2
João Pedro,24,2.6
João Pedro,25,2.7
João Pedro,26,3.2
Digne,21,2.8
Digne,22,3.0
Digne,23,3.0
Digne,24,3.0
Digne,25,2.9
Digne,26,2.9
Mitoma,21,2.8
Mitoma,22,2.8
Mitoma,23,3.1
Mitoma,24,2.7
Mitoma,25,2.9
Mitoma,26,3.3
Dragusin,21,2.8
Dragusin,22,2.4
Dragusin,23,2.5
Dragusin,24,2.8
Dragusin,25,2.3
Dragusin,26,2.4
Anderson,21,2.8
Anderson,22,3.1
Anderson,23,2.2
Anderson,24,3.0
Anderson,25,2.3
Anderson,26,2.2
Chilwell,21,2.8
Chilwell,22,2.8
Chilwell,23,3.0
Chilwell,24,2.8
Chilwell,25,2.7
Chilwell,26,2.9
Huijsen,21,2.8
Huijsen,22,2.8
Huijsen,23,2.6
Huijsen,24,2.7
Huijsen,25,2.6
Huijsen,26,2.7
Vardy,21,2.8
Vardy,22,2.7
Vardy,23,2.6
Vardy,24,2.6
Vardy,25,2.4
Vardy,26,2.7
N.Semedo,21,2.8
N.Semedo,22,2.7
N.Semedo,23,2.4
N.Semedo,24,2.4
N.Semedo,25,2.8
N.Semedo,26,2.4
Estupiñan,21,2.8
Estupiñan,22,3.0
Estupiñan,23,2.8
Estupiñan,24,2.8
Estupiñan,25,2.9
Estupiñan,26,3.0
Collins,21,2.8
Collins,22,2.9
Collins,23,2.9
Collins,24,2.8
Collins,25,2.9
Collins,26,2.8
Mavididi,21,2.8
Mavididi,22,2.7
Mavididi,23,2.5
Mavididi,24,2.3
Mavididi,25,2.3
Mavididi,26,2.7
Lewis,21,2.8
Lewis,22,2.3
Lewis,23,2.4
Lewis,24,2.7
Lewis,25,2.4
Lewis,26,2.5
Kilman,21,2.8
Kilman,22,2.7
Kilman,23,3.1
Kilman,24,3.1
Kilman,25,2.8
Kilman,26,3.1
Højlund,21,2.7
Højlund,22,2.5
Højlund,23,2.4
Højlund,24,2.6
Højlund,25,2.5
Højlund,26,2.5
Van Hecke,21,2.7
Van Hecke,22,3.0
Van Hecke,23,2.7
Van Hecke,24,2.8
Van Hecke,25,2.8
Van Hecke,26,2.9
L.Paquetá,21,2.7
L.Paquetá,22,2.9
L.Paquetá,23,2.8
L.Paquetá,24,2.9
L.Paquetá,25,3.0
L.Paquetá,26,2.6
Burn,21,2.7
Burn,22,2.7
Burn,23,2.7
Burn,24,2.6
Burn,25,3.1
Burn,26,2.7
Raúl,21,2.7
Raúl,22,2.8
Raúl,23,2.6
Raúl,24,2.3
Raúl,25,2.6
Raúl,26,2.7
Castagne,21,2.7
Castagne,22,2.6
Castagne,23,2.5
Castagne,24,2.9
Castagne,25,2.6
Castagne,26,2.6
Colwill,21,2.7
Colwill,22,2.7
Colwill,23,3.1
Colwill,24,2.6
Colwill,25,2.8
Colwill,26,3.0
Wan-Bissaka,21,2.7
Wan-Bissaka,22,2.7
Wan-Bissaka,23,3.1
Wan-Bissaka,24,3.1
Wan-Bissaka,25,2.7
Wan-Bissaka,26,3.1
Ndiaye,21,2.7
Ndiaye,22,2.6
Ndiaye,23,2.5
Ndiaye,24,3.0
Ndiaye,25,2.6
Ndiaye,26,2.7
Cunha,21,2.7
Cunha,22,2.7
Cunha,23,2.9
Cunha,24,3.4
Cunha,25,2.4
Cunha,26,2.7
Reguilón,21,2.7
Reguilón,22,2.5
Reguilón,23,2.6
Reguilón,24,2.9
Reguilón,25,2.3
Reguilón,26,2.5
Guéhi,21,2.7
Guéhi,22,2.8
Guéhi,23,2.5
Guéhi,24,2.8
Guéhi,25,2.4
Guéhi,26,2.8
March,21,2.7
March,22,2.7
March,23,2.8
March,24,2.5
March,25,2.6
March,26,3.2
Kristiansen,21,2.7
Kristiansen,22,2.7
Kristiansen,23,3.2
Kristiansen,24,2.7
Kristiansen,25,2.7
Kristiansen,26,2.7
Kluivert,21,2.7
Kluivert,22,2.6
Kluivert,23,2.5
Kluivert,24,2.3
Kluivert,25,3.5
Kluivert,26,2.6
Bassey,21,2.7
Bassey,22,2.5
Bassey,23,2.4
Bassey,24,2.9
Bassey,25,2.4
Bassey,26,2.4
Son,21,2.7
Son,22,3.1
Son,23,4.9
Son,24,3.5
Son,25,3.7
Son,26,3.4
Pau,21,2.7
Pau,22,3.0
Pau,23,2.7
Pau,24,2.8
Pau,25,2.6
Pau,26,2.7
Caicedo,21,2.7
Caicedo,22,2.7
Caicedo,23,2.5
Caicedo,24,2.7
Caicedo,25,2.6
Caicedo,26,2.6
Davies,21,2.7
Davies,22,2.3
Davies,23,2.3
Davies,24,2.7
Davies,25,2.1
Davies,26,2.2
Mac Allister,21,2.7
Mac Allister,22,2.9
Mac Allister,23,3.2
Mac Allister,24,2.6
Mac Allister,25,3.3
Mac Allister,26,2.6
Alex Moreno,21,2.7
Alex Moreno,22,2.4
Alex Moreno,23,2.4
Alex Moreno,24,2.5
Alex Moreno,25,2.6
Alex Moreno,26,2.8
Wharton,21,2.6
Wharton,22,2.6
Wharton,23,2.7
Wharton,24,2.5
Wharton,25,2.7
Wharton,26,2.5
Martinelli,21,2.6
Martinelli,22,2.7
Martinelli,23,2.6
Martinelli,24,2.4
Martinelli,25,2.7
Martinelli,26,2.8
A.Doucoure,21,2.6
A.Doucoure,22,2.6
A.Doucoure,23,2.4
A.Doucoure,24,2.9
A.Doucoure,25,2.5
A.Doucoure,26,2.6
Calvert-Lewin,21,2.6
Calvert-Lewin,22,2.6
Calvert-Lewin,23,2.5
Calvert-Lewin,24,2.9
Calvert-Lewin,25,2.6
Calvert-Lewin,26,2.6
James,21,2.6
James,22,2.6
James,23,2.9
James,24,2.6
James,25,2.6
James,26,2.8
De Ligt,21,2.6
De Ligt,22,2.7
De Ligt,23,2.9
De Ligt,24,2.7
De Ligt,25,3.2
De Ligt,26,2.8
Rogers,21,2.6
Rogers,22,2.3
Rogers,23,3.2
Rogers,24,2.8
Rogers,25,3.1
Rogers,26,2.9
Wood,21,2.6
Wood,22,3.2
Wood,23,2.7
Wood,24,3.0
Wood,25,2.8
Wood,26,2.6
Chiesa,21,2.6
Chiesa,22,3.0
Chiesa,23,3.0
Chiesa,24,2.5
Chiesa,25,3.1
Chiesa,26,2.5
Botman,21,2.6
Botman,22,2.6
Botman,23,2.6
Botman,24,2.5
Botman,25,3.0
Botman,26,2.6
Spence,21,2.6
Spence,22,2.3
Spence,23,2.4
Spence,24,2.7
Spence,25,2.2
Spence,26,2.3
Hutchinson,21,2.6
Hutchinson,22,2.5
Hutchinson,23,2.3
Hutchinson,24,2.7
Hutchinson,25,2.4
Hutchinson,26,2.6
Adama,21,2.6
Adama,22,2.5
Adama,23,2.3
Adama,24,2.1
Adama,25,2.4
Adama,26,2.4
Gravenberch,21,2.6
Gravenberch,22,2.8
Gravenberch,23,2.6
Gravenberch,24,2.5
Gravenberch,25,2.7
Gravenberch,26,2.5
Aarons,21,2.6
Aarons,22,2.6
Aarons,23,2.2
Aarons,24,2.4
Aarons,25,2.3
Aarons,26,2.2
Manning,21,2.6
Manning,22,2.5
Manning,23,2.5
Manning,24,2.4
Manning,25,2.5
Manning,26,2.4
Trossard,21,2.6
Trossard,22,2.7
Trossard,23,2.4
Trossard,24,2.3
Trossard,25,2.5
Trossard,26,2.8
Gündogan,21,2.6
Gündogan,22,2.5
Gündogan,23,2.3
Gündogan,24,2.0
Gündogan,25,2.4
Gündogan,26,2.3
Solanke,21,2.6
Solanke,22,3.2
Solanke,23,3.8
Solanke,24,3.1
Solanke,25,3.4
Solanke,26,3.2
Diop,21,2.6
Diop,22,2.5
Diop,23,2.2
Diop,24,2.8
Diop,25,2.3
Diop,26,2.2
Madueke,21,2.6
Madueke,22,2.7
Madueke,23,2.3
Madueke,24,2.7
Madueke,25,2.5
Madueke,26,2.4
Chadi Riad,21,2.6
Chadi Riad,22,2.7
Chadi Riad,23,2.5
Chadi Riad,24,2.7
Chadi Riad,25,2.4
Chadi Riad,26,2.7
Holding,21,2.6
Holding,22,2.7
Holding,23,2.5
Holding,24,2.7
Holding,25,2.4
Holding,26,2.7
Tierney,21,2.6
Tierney,22,2.5
Tierney,23,2.7
Tierney,24,2.6
Tierney,25,2.6
Tierney,26,2.6
Dawson,21,2.6
Dawson,22,2.6
Dawson,23,2.3
Dawson,24,2.2
Dawson,25,2.6
Dawson,26,2.3
Sessegnon,21,2.6
Sessegnon,22,2.5
Sessegnon,23,2.3
Sessegnon,24,2.8
Sessegnon,25,2.4
Sessegnon,26,2.3
Casemiro,21,2.6
Casemiro,22,2.5
Casemiro,23,2.4
Casemiro,24,2.5
Casemiro,25,2.5
Casemiro,26,2.4
Kulusevski,21,2.6
Kulusevski,22,2.9
Kulusevski,23,3.4
Kulusevski,24,3.1
Kulusevski,25,2.9
Kulusevski,26,3.0
O'Brien,21,2.6
O'Brien,22,2.6
O'Brien,23,2.7
O'Brien,24,2.7
O'Brien,25,2.7
O'Brien,26,2.5
Omobamidele,21,2.6
Omobamidele,22,2.3
Omobamidele,23,2.5
Omobamidele,24,2.4
Omobamidele,25,2.6
Omobamidele,26,2.8
Mazraoui,21,2.6
Mazraoui,22,2.7
Mazraoui,23,2.8
Mazraoui,24,2.6
Mazraoui,25,3.0
Mazraoui,26,2.6
Justin,21,2.6
Justin,22,2.6
Justin,23,3.0
Justin,24,2.6
Justin,25,2.7
Justin,26,2.6
Semenyo,21,2.6
Semenyo,22,2.6
Semenyo,23,3.1
Semenyo,24,2.9
Semenyo,25,3.1
Semenyo,26,3.2
Schär,21,2.6
Schär,22,2.6
Schär,23,2.6
Schär,24,2.5
Schär,25,3.0
Schär,26,2.5
Lewis-Potter,21,2.5
Lewis-Potter,22,2.6
Lewis-Potter,23,2.7
Lewis-Potter,24,2.7
Lewis-Potter,25,2.8
Lewis-Potter,26,2.8
Christie,21,2.5
Christie,22,2.5
Christie,23,2.9
Christie,24,2.7
Christie,25,3.1
Christie,26,3.0
Mykolenko,21,2.5
Mykolenko,22,2.6
Mykolenko,23,2.7
Mykolenko,24,2.6
Mykolenko,25,2.7
Mykolenko,26,2.5
Dunk,21,2.5
Dunk,22,2.8
Dunk,23,2.4
Dunk,24,2.6
Dunk,25,2.6
Dunk,26,2.6
Doherty,21,2.5
Doherty,22,2.5
Doherty,23,2.1
Doherty,24,2.1
Doherty,25,2.5
Doherty,26,2.2
Bednarek,21,2.5
Bednarek,22,2.4
Bednarek,23,2.4
Bednarek,24,2.3
Bednarek,25,2.4
Bednarek,26,2.3
Rashford,21,2.5
Rashford,22,2.4
Rashford,23,2.2
Rashford,24,2.4
Rashford,25,2.3
Rashford,26,2.2
Welbeck,21,2.5
Welbeck,22,2.5
Welbeck,23,2.9
Welbeck,24,2.4
Welbeck,25,2.4
Welbeck,26,2.9
Disasi,21,2.5
Disasi,22,2.5
Disasi,23,2.9
Disasi,24,2.5
Disasi,25,2.6
Disasi,26,2.8
J.Cuenca,21,2.5
J.Cuenca,22,2.4
J.Cuenca,23,2.2
J.Cuenca,24,2.7
J.Cuenca,25,2.3
J.Cuenca,26,2.2
Morsy,21,2.5
Morsy,22,2.4
Morsy,23,2.2
Morsy,24,2.6
Morsy,25,2.2
Morsy,26,2.5
Sugawara,21,2.5
Sugawara,22,2.4
Sugawara,23,2.4
Sugawara,24,2.3
Sugawara,25,2.4
Sugawara,26,2.3
Gusto,21,2.5
Gusto,22,2.5
Gusto,23,2.9
Gusto,24,2.5
Gusto,25,2.6
Gusto,26,2.8
Tsimikas,21,2.5
Tsimikas,22,2.9
Tsimikas,23,2.5
Tsimikas,24,2.5
Tsimikas,25,2.7
Tsimikas,26,2.9
Hudson-Odoi,21,2.5
Hudson-Odoi,22,2.7
Hudson-Odoi,23,2.5
Hudson-Odoi,24,2.6
Hudson-Odoi,25,2.6
Hudson-Odoi,26,2.5
Smith Rowe,21,2.5
Smith Rowe,22,2.5
Smith Rowe,23,2.3
Smith Rowe,24,2.3
Smith Rowe,25,2.4
Smith Rowe,26,2.4
Cucurella,21,2.5
Cucurella,22,2.5
Cucurella,23,2.8
Cucurella,24,2.5
Cucurella,25,2.5
Cucurella,26,2.7
Alleyne,21,2.5
Alleyne,22,2.1
Alleyne,23,2.2
Alleyne,24,2.5
Alleyne,25,2.2
Alleyne,26,2.3
Luis Díaz,21,2.5
Luis Díaz,22,2.8
Luis Díaz,23,2.8
Luis Díaz,24,2.4
Luis Díaz,25,2.9
Luis Díaz,26,2.4
Morato,21,2.5
Morato,22,2.2
Morato,23,2.4
Morato,24,2.3
Morato,25,2.5
Morato,26,2.7
Joelinton,21,2.5
Joelinton,22,2.4
Joelinton,23,2.7
Joelinton,24,2.3
Joelinton,25,2.2
Joelinton,26,2.4
Mings,21,2.5
Mings,22,2.8
Mings,23,2.6
Mings,24,2.7
Mings,25,2.5
Mings,26,2.6
Neto,21,2.5
Neto,22,2.6
Neto,23,2.0
Neto,24,2.6
Neto,25,2.1
Neto,26,2.1
Janelt,21,2.5
Janelt,22,2.5
Janelt,23,2.5
Janelt,24,2.6
Janelt,25,2.6
Janelt,26,2.6
Thomas,21,2.5
Thomas,22,2.5
Thomas,23,2.5
Thomas,24,2.4
Thomas,25,2.5
Thomas,26,2.6
Wilson-Esbrand,21,2.5
Wilson-Esbrand,22,2.0
Wilson-Esbrand,23,2.1
Wilson-Esbrand,24,2.4
Wilson-Esbrand,25,2.1
Wilson-Esbrand,26,2.3
Mainoo,21,2.5
Mainoo,22,2.4
Mainoo,23,2.3
Mainoo,24,2.4
Mainoo,25,2.4
Mainoo,26,2.3
Meupiyou,21,2.5
Meupiyou,22,2.4
Meupiyou,23,2.1
Meupiyou,24,2.0
Meupiyou,25,2.5
Meupiyou,26,2.1
Pedro Lima,21,2.5
Pedro Lima,22,2.4
Pedro Lima,23,2.1
Pedro Lima,24,2.0
Pedro Lima,25,2.5
Pedro Lima,26,2.1
El Khannouss,21,2.5
El Khannouss,22,2.4
El Khannouss,23,2.3
El Khannouss,24,2.2
El Khannouss,25,2.2
El Khannouss,26,2.5
Harrison,21,2.5
Harrison,22,2.4
Harrison,23,2.3
Harrison,24,2.8
Harrison,25,2.3
Harrison,26,2.4
M.Fernandes,21,2.5
M.Fernandes,22,2.3
M.Fernandes,23,2.4
M.Fernandes,24,2.4
M.Fernandes,25,2.5
M.Fernandes,26,2.5
Young,21,2.5
Young,22,2.5
Young,23,2.6
Young,24,2.6
Young,25,2.7
Young,26,2.4
Harris,21,2.5
Harris,22,2.5
Harris,23,2.1
Harris,24,2.3
Harris,25,2.1
Harris,26,2.1
King,21,2.5
King,22,2.1
King,23,2.1
King,24,2.5
King,25,2.0
King,26,2.0
Matheus N.,21,2.5
Matheus N.,22,2.4
Matheus N.,23,2.1
Matheus N.,24,2.0
Matheus N.,25,2.2
Matheus N.,26,2.1
Hardy,21,2.4
Hardy,22,2.1
Hardy,23,2.1
Hardy,24,2.5
Hardy,25,2.0
Hardy,26,2.0
Livramento,21,2.4
Livramento,22,2.5
Livramento,23,2.5
Livramento,24,2.4
Livramento,25,2.9
Livramento,26,2.4
Dorrington,21,2.4
Dorrington,22,2.0
Dorrington,23,2.1
Dorrington,24,2.5
Dorrington,25,2.0
Dorrington,26,2.0
Martinez,21,2.4
Martinez,22,2.6
Martinez,23,2.7
Martinez,24,2.5
Martinez,25,3.0
Martinez,26,2.5
Kinsey,21,2.4
Kinsey,22,2.5
Kinsey,23,2.0
Kinsey,24,2.3
Kinsey,25,2.1
Kinsey,26,2.1
Garnacho,21,2.4
Garnacho,22,2.3
Garnacho,23,2.2
Garnacho,24,2.3
Garnacho,25,2.3
Garnacho,26,2.2
Simpson-Pusey,21,2.4
Simpson-Pusey,22,2.0
Simpson-Pusey,23,2.1
Simpson-Pusey,24,2.4
Simpson-Pusey,25,2.1
Simpson-Pusey,26,2.2
Elanga,21,2.4
Elanga,22,2.7
Elanga,23,2.4
Elanga,24,2.7
Elanga,25,2.6
Elanga,26,2.4
Doku,21,2.4
Doku,22,2.3
Doku,23,2.5
Doku,24,2.0
Doku,25,2.6
Doku,26,2.4
Boly,21,2.4
Boly,22,2.1
Boly,23,2.3
Boly,24,2.2
Boly,25,2.4
Boly,26,2.7
Berge,21,2.4
Berge,22,2.4
Berge,23,2.2
Berge,24,2.2
Berge,25,2.3
Berge,26,2.3
Hill,21,2.4
Hill,22,2.4
Hill,23,2.0
Hill,24,2.2
Hill,25,2.1
Hill,26,2.0
Pond,21,2.4
Pond,22,2.4
Pond,23,2.1
Pond,24,2.0
Pond,25,2.4
Pond,26,2.1
Todibo,21,2.4
Todibo,22,2.4
Todibo,23,2.8
Todibo,24,2.8
Todibo,25,2.4
Todibo,26,2.8
Tosin,21,2.4
Tosin,22,2.4
Tosin,23,2.9
Tosin,24,2.3
Tosin,25,2.5
Tosin,26,2.7
Evanilson,21,2.4
Evanilson,22,2.4
Evanilson,23,2.7
Evanilson,24,2.4
Evanilson,25,3.1
Evanilson,26,2.8
F.Kadıoğlu,21,2.4
F.Kadıoğlu,22,2.6
F.Kadıoğlu,23,2.3
F.Kadıoğlu,24,2.5
F.Kadıoğlu,25,2.5
F.Kadıoğlu,26,2.5
O'Shea,21,2.4
O'Shea,22,2.5
O'Shea,23,2.8
O'Shea,24,2.2
O'Shea,25,2.8
O'Shea,26,2.5
Jensen,21,2.4
Jensen,22,2.5
Jensen,23,2.6
Jensen,24,2.6
Jensen,25,2.7
Jensen,26,2.7
Kovačić,21,2.4
Kovačić,22,2.3
Kovačić,23,2.2
Kovačić,24,2.0
Kovačić,25,2.2
Kovačić,26,2.1
Veltman,21,2.4
Veltman,22,2.6
Veltman,23,2.3
Veltman,24,2.5
Veltman,25,2.5
Veltman,26,2.5
Lerma,21,2.4
Lerma,22,2.4
Lerma,23,2.3
Lerma,24,2.3
Lerma,25,2.3
Lerma,26,2.2
Ramsey,21,2.4
Ramsey,22,2.1
Ramsey,23,2.6
Ramsey,24,2.6
Ramsey,25,2.6
Ramsey,26,2.4
Mario Jr.,21,2.4
Mario Jr.,22,2.4
Mario Jr.,23,2.4
Mario Jr.,24,2.6
Mario Jr.,25,2.3
Mario Jr.,26,2.3
Van den Berg,21,2.4
Van den Berg,22,2.5
Van den Berg,23,2.5
Van den Berg,24,2.4
Van den Berg,25,2.5
Van den Berg,26,2.4
Clyne,21,2.4
Clyne,22,2.5
Clyne,23,2.2
Clyne,24,2.5
Clyne,25,2.1
Clyne,26,2.5
Grealish,21,2.4
Grealish,22,2.2
Grealish,23,1.9
Grealish,24,1.8
Grealish,25,2.0
Grealish,26,1.9
Krafth,21,2.4
Krafth,22,2.4
Krafth,23,2.3
Krafth,24,2.3
Krafth,25,2.8
Krafth,26,2.3
Zirkzee,21,2.4
Zirkzee,22,2.1
Zirkzee,23,2.0
Zirkzee,24,2.2
Zirkzee,25,2.1
Zirkzee,26,2.1
Taylor,21,2.4
Taylor,22,2.2
Taylor,23,2.3
Taylor,24,2.1
Taylor,25,2.2
Taylor,26,2.2
Mee,21,2.4
Mee,22,2.5
Mee,23,2.5
Mee,24,2.4
Mee,25,2.5
Mee,26,2.4
Souček,21,2.3
Souček,22,2.4
Souček,23,2.3
Souček,24,2.3
Souček,25,2.5
Souček,26,2.1
Quansah,21,2.3
Quansah,22,2.7
Quansah,23,2.2
Quansah,24,2.3
Quansah,25,2.3
Quansah,26,2.7
Harwood-Bellis,21,2.3
Harwood-Bellis,22,2.2
Harwood-Bellis,23,2.2
Harwood-Bellis,24,2.1
Harwood-Bellis,25,2.2
Harwood-Bellis,26,2.1
Coufal,21,2.3
Coufal,22,2.3
Coufal,23,2.6
Coufal,24,2.7
Coufal,25,2.4
Coufal,26,2.6
Emerson,21,2.3
Emerson,22,2.3
Emerson,23,2.7
Emerson,24,2.7
Emerson,25,2.4
Emerson,26,2.7
Ugarte,21,2.3
Ugarte,22,2.2
Ugarte,23,1.9
Ugarte,24,2.3
Ugarte,25,2.0
Ugarte,26,1.9
Hinshelwood,21,2.3
Hinshelwood,22,2.4
Hinshelwood,23,2.6
Hinshelwood,24,2.3
Hinshelwood,25,2.4
Hinshelwood,26,2.6
C.Richards,21,2.3
C.Richards,22,2.5
C.Richards,23,2.3
C.Richards,24,2.5
C.Richards,25,2.2
C.Richards,26,2.5
Diego Carlos,21,2.3
Diego Carlos,22,2.7
Diego Carlos,23,2.3
Diego Carlos,24,2.5
Diego Carlos,25,2.3
Diego Carlos,26,2.4
Winks,21,2.3
Winks,22,2.3
Winks,23,2.3
Winks,24,2.2
Winks,25,2.1
Winks,26,2.3
McGinn,21,2.3
McGinn,22,2.0
McGinn,23,2.6
McGinn,24,2.4
McGinn,25,2.5
McGinn,26,2.3
Eriksen,21,2.3
Eriksen,22,2.2
Eriksen,23,2.3
Eriksen,24,2.3
Eriksen,25,2.4
Eriksen,26,2.2
Tonali,21,2.3
Tonali,22,2.3
Tonali,23,2.6
Tonali,24,2.2
Tonali,25,2.1
Tonali,26,2.3
Ward,21,2.3
Ward,22,2.5
Ward,23,2.2
Ward,24,2.5
Ward,25,2.1
Ward,26,2.5
Nørgaard,21,2.3
Nørgaard,22,2.3
Nørgaard,23,2.4
Nørgaard,24,2.4
Nørgaard,25,2.4
Nørgaard,26,2.5
Burns,21,2.3
Burns,22,2.2
Burns,23,2.2
Burns,24,2.4
Burns,25,2.3
Burns,26,2.3
Gakpo,21,2.3
Gakpo,22,2.4
Gakpo,23,2.7
Gakpo,24,2.2
Gakpo,25,2.7
Gakpo,26,2.1
Ward-Prowse,21,2.3
Ward-Prowse,22,2.5
Ward-Prowse,23,2.2
Ward-Prowse,24,2.5
Ward-Prowse,25,2.4
Ward-Prowse,26,2.2
Abbott,21,2.3
Abbott,22,2.0
Abbott,23,2.2
Abbott,24,2.1
Abbott,25,2.3
Abbott,26,2.5
Wood,21,2.3
Wood,22,2.2
Wood,23,2.2
Wood,24,2.1
Wood,25,2.1
Wood,26,2.1
Cash,21,2.3
Cash,22,2.6
Cash,23,2.4
Cash,24,2.5
Cash,25,2.3
Cash,26,2.4
Schade,21,2.3
Schade,22,2.3
Schade,23,2.2
Schade,24,2.5
Schade,25,2.4
Schade,26,2.4
Buonanotte,21,2.3
Buonanotte,22,2.2
Buonanotte,23,2.5
Buonanotte,24,2.2
Buonanotte,25,2.0
Buonanotte,26,2.2
Coleman,21,2.3
Coleman,22,2.4
Coleman,23,2.4
Coleman,24,2.4
Coleman,25,2.5
Coleman,26,2.2
Branthwaite,21,2.3
Branthwaite,22,2.4
Branthwaite,23,2.4
Branthwaite,24,2.3
Branthwaite,25,2.5
Branthwaite,26,2.2
Amissah,21,2.3
Amissah,22,2.1
Amissah,23,2.0
Amissah,24,2.5
Amissah,25,2.0
Amissah,26,2.0
Barnes,21,2.3
Barnes,22,2.2
Barnes,23,2.6
Barnes,24,2.1
Barnes,25,1.9
Barnes,26,2.1
Igor,21,2.3
Igor,22,2.5
Igor,23,2.2
Igor,24,2.4
Igor,25,2.4
Igor,26,2.3
Kiwior,21,2.3
Kiwior,22,2.2
Kiwior,23,2.3
Kiwior,24,2.2
Kiwior,25,2.2
Kiwior,26,2.2
Strand Larsen,21,2.3
Strand Larsen,22,2.3
Strand Larsen,23,2.3
Strand Larsen,24,2.5
Strand Larsen,25,2.1
Strand Larsen,26,2.3
Downes,21,2.3
Downes,22,2.2
Downes,23,2.3
Downes,24,2.2
Downes,25,2.4
Downes,26,2.3
Gana,21,2.3
Gana,22,2.2
Gana,23,2.2
Gana,24,2.5
Gana,25,2.3
Gana,26,2.2
N.Williams,21,2.3
N.Williams,22,1.9
N.Williams,23,2.2
N.Williams,24,2.0
N.Williams,25,2.3
N.Williams,26,2.5
Bella-Kotchap,21,2.3
Bella-Kotchap,22,2.1
Bella-Kotchap,23,2.1
Bella-Kotchap,24,2.0
Bella-Kotchap,25,2.1
Bella-Kotchap,26,2.1
Larios,21,2.3
Larios,22,2.1
Larios,23,2.1
Larios,24,2.0
Larios,25,2.1
Larios,26,2.1
Mavropanos,21,2.2
Mavropanos,22,2.2
Mavropanos,23,2.6
Mavropanos,24,2.7
Mavropanos,25,2.3
Mavropanos,26,2.7
Bailey,21,2.2
Bailey,22,1.9
Bailey,23,2.9
Bailey,24,2.3
Bailey,25,2.7
Bailey,26,2.5
Füllkrug,21,2.2
Füllkrug,22,2.4
Füllkrug,23,2.0
Füllkrug,24,2.0
Füllkrug,25,2.4
Füllkrug,26,1.7
Burgess,21,2.2
Burgess,22,2.3
Burgess,23,2.7
Burgess,24,2.1
Burgess,25,2.6
Burgess,26,2.3
Kamara,21,2.2
Kamara,22,2.0
Kamara,23,2.3
Kamara,24,2.3
Kamara,25,2.2
Kamara,26,2.1
Malacia,21,2.2
Malacia,22,2.4
Malacia,23,2.5
Malacia,24,2.3
Malacia,25,2.8
Malacia,26,2.3
Hughes,21,2.2
Hughes,22,2.2
Hughes,23,2.3
Hughes,24,2.1
Hughes,25,2.4
Hughes,26,2.0
Aribo,21,2.2
Aribo,22,2.1
Aribo,23,2.3
Aribo,24,2.2
Aribo,25,2.4
Aribo,26,2.4
Smallbone,21,2.2
Smallbone,22,2.1
Smallbone,23,2.2
Smallbone,24,2.2
Smallbone,25,2.2
Smallbone,26,2.2
Dewsbury-Hall,21,2.2
Dewsbury-Hall,22,2.3
Dewsbury-Hall,23,1.8
Dewsbury-Hall,24,2.3
Dewsbury-Hall,25,1.9
Dewsbury-Hall,26,1.9
Maddison,21,2.2
Maddison,22,2.6
Maddison,23,3.4
Maddison,24,2.9
Maddison,25,2.7
Maddison,26,2.8
Georginio,21,2.2
Georginio,22,2.3
Georginio,23,2.3
Georginio,24,2.1
Georginio,25,2.1
Georginio,26,2.6
Szmodics,21,2.2
Szmodics,22,2.1
Szmodics,23,2.0
Szmodics,24,2.3
Szmodics,25,2.1
Szmodics,26,2.2
Merino,21,2.2
Merino,22,2.3
Merino,23,2.4
Merino,24,2.1
Merino,25,2.4
Merino,26,2.5
J.Gomes,21,2.2
J.Gomes,22,2.2
J.Gomes,23,2.2
J.Gomes,24,2.3
J.Gomes,25,2.1
J.Gomes,26,2.2
Webster,21,2.2
Webster,22,2.4
Webster,23,2.1
Webster,24,2.3
Webster,25,2.3
Webster,26,2.3
Toffolo,21,2.2
Toffolo,22,1.8
Toffolo,23,2.1
Toffolo,24,2.0
Toffolo,25,2.2
Toffolo,26,2.4
André,21,2.2
André,22,2.2
André,23,2.2
André,24,2.4
André,25,2.1
André,26,2.2
Edwards,21,2.2
Edwards,22,2.1
Edwards,23,2.1
Edwards,24,2.0
Edwards,25,2.1
Edwards,26,2.0
Bree,21,2.2
Bree,22,2.1
Bree,23,2.1
Bree,24,2.0
Bree,25,2.1
Bree,26,2.0
O’Reilly,21,2.2
O’Reilly,22,2.1
O’Reilly,23,2.1
O’Reilly,24,1.9
O’Reilly,25,2.2
O’Reilly,26,2.1
Roerslev,21,2.2
Roerslev,22,2.4
Roerslev,23,2.3
Roerslev,24,2.2
Roerslev,25,2.3
Roerslev,26,2.2
Longstaff,21,2.2
Longstaff,22,2.2
Longstaff,23,2.3
Longstaff,24,2.0
Longstaff,25,1.9
Longstaff,26,2.1
Lamptey,21,2.2
Lamptey,22,2.4
Lamptey,23,2.1
Lamptey,24,2.3
Lamptey,25,2.3
Lamptey,26,2.3
Danilo,21,2.2
Danilo,22,2.4
Danilo,23,2.1
Danilo,24,2.3
Danilo,25,2.2
Danilo,26,2.2
Stephens,21,2.2
Stephens,22,2.1
Stephens,23,2.1
Stephens,24,2.0
Stephens,25,2.0
Stephens,26,2.0
O.Dango,21,2.2
O.Dango,22,2.1
O.Dango,23,2.2
O.Dango,24,2.0
O.Dango,25,2.7
O.Dango,26,2.3
Yoro,21,2.2
Yoro,22,2.3
Yoro,23,2.5
Yoro,24,2.3
Yoro,25,2.8
Yoro,26,2.3
Acheampong,21,2.2
Acheampong,22,2.2
Acheampong,23,2.6
Acheampong,24,2.1
Acheampong,25,2.2
Acheampong,26,2.5
Jones,21,2.2
Jones,22,2.3
Jones,23,2.5
Jones,24,2.1
Jones,25,2.6
Jones,26,2.1
Greaves,21,2.2
Greaves,22,2.2
Greaves,23,2.6
Greaves,24,2.0
Greaves,25,2.6
Greaves,26,2.2
Armstrong,21,2.2
Armstrong,22,2.0
Armstrong,23,2.1
Armstrong,24,2.1
Armstrong,25,2.2
Armstrong,26,2.1
Diogo J.,21,2.2
Diogo J.,22,2.5
Diogo J.,23,2.4
Diogo J.,24,2.1
Diogo J.,25,2.5
Diogo J.,26,2.1
Nallo,21,2.2
Nallo,22,2.5
Nallo,23,2.0
Nallo,24,2.1
Nallo,25,2.1
Nallo,26,2.6
Onana,21,2.2
Onana,22,1.9
Onana,23,2.1
Onana,24,2.2
Onana,25,2.1
Onana,26,2.0
Chaplin,21,2.1
Chaplin,22,2.0
Chaplin,23,1.9
Chaplin,24,2.2
Chaplin,25,2.0
Chaplin,26,2.1
Arthur,21,2.1
Arthur,22,2.3
Arthur,23,2.3
Arthur,24,2.2
Arthur,25,2.3
Arthur,26,2.1
Mudryk,21,2.1
Mudryk,22,2.2
Mudryk,23,1.8
Mudryk,24,2.2
Mudryk,25,1.9
Mudryk,26,1.8
Johnson,21,2.1
Johnson,22,2.4
Johnson,23,3.1
Johnson,24,2.7
Johnson,25,2.5
Johnson,26,2.6
G.Jesus,21,2.1
G.Jesus,22,2.2
G.Jesus,23,2.2
G.Jesus,24,2.0
G.Jesus,25,2.3
G.Jesus,26,2.3
Maatsen,21,2.1
Maatsen,22,2.4
Maatsen,23,2.3
Maatsen,24,2.4
Maatsen,25,2.2
Maatsen,26,2.3
Kacurri,21,2.1
Kacurri,22,2.0
Kacurri,23,2.2
Kacurri,24,2.1
Kacurri,25,2.1
Kacurri,26,2.1
Heaven,21,2.1
Heaven,22,2.0
Heaven,23,2.2
Heaven,24,2.1
Heaven,25,2.1
Heaven,26,2.1
Kelly,21,2.1
Kelly,22,2.2
Kelly,23,2.1
Kelly,24,2.1
Kelly,25,2.6
Kelly,26,2.1
Nichols,21,2.1
Nichols,22,2.0
Nichols,23,2.2
Nichols,24,2.1
Nichols,25,2.1
Nichols,26,2.1
Ayari,21,2.1
Ayari,22,2.2
Ayari,23,2.3
Ayari,24,2.1
Ayari,25,2.1
Ayari,26,2.5
J.Ayew,21,2.1
J.Ayew,22,2.1
J.Ayew,23,2.3
J.Ayew,24,2.2
J.Ayew,25,2.0
J.Ayew,26,2.2
Adingra,21,2.1
Adingra,22,2.2
Adingra,23,2.4
Adingra,24,2.2
Adingra,25,2.3
Adingra,26,2.5
João Félix,21,2.1
João Félix,22,2.2
João Félix,23,1.8
João Félix,24,2.2
João Félix,25,1.9
João Félix,26,1.9
Lindstrøm,21,2.1
Lindstrøm,22,2.1
Lindstrøm,23,1.9
Lindstrøm,24,2.4
Lindstrøm,25,2.0
Lindstrøm,26,2.0
Coady,21,2.1
Coady,22,2.1
Coady,23,2.6
Coady,24,2.2
Coady,25,2.3
Coady,26,2.2
Woolfenden,21,2.1
Woolfenden,22,2.2
Woolfenden,23,2.6
Woolfenden,24,1.9
Woolfenden,25,2.5
Woolfenden,26,2.2
Keane,21,2.1
Keane,22,2.2
Keane,23,2.3
Keane,24,2.2
Keane,25,2.3
Keane,26,2.0
Almirón,21,2.1
Almirón,22,2.1
Almirón,23,2.1
Almirón,24,2.0
Almirón,25,1.8
Almirón,26,2.0
Miley,21,2.1
Miley,22,2.1
Miley,23,2.2
Miley,24,2.0
Miley,25,1.8
Miley,26,2.0
A.Murphy,21,2.1
A.Murphy,22,2.1
A.Murphy,23,2.1
A.Murphy,24,2.0
A.Murphy,25,2.5
A.Murphy,26,2.0
Archer,21,2.1
Archer,22,2.0
Archer,23,2.0
Archer,24,2.1
Archer,25,2.1
Archer,26,2.1
Chukwuemeka,21,2.1
Chukwuemeka,22,2.1
Chukwuemeka,23,1.8
Chukwuemeka,24,2.1
Chukwuemeka,25,1.9
Chukwuemeka,26,1.9
Faes,21,2.1
Faes,22,2.1
Faes,23,2.6
Faes,24,2.2
Faes,25,2.2
Faes,26,2.1
Meghoma,21,2.1
Meghoma,22,2.2
Meghoma,23,2.2
Meghoma,24,2.1
Meghoma,25,2.2
Meghoma,26,2.1
Ji-soo,21,2.1
Ji-soo,22,2.2
Ji-soo,23,2.2
Ji-soo,24,2.1
Ji-soo,25,2.2
Ji-soo,26,2.1
Dixon,21,2.1
Dixon,22,2.2
Dixon,23,2.2
Dixon,24,2.2
Dixon,25,2.3
Dixon,26,2.0
Lukić,21,2.1
Lukić,22,2.1
Lukić,23,1.9
Lukić,24,1.8
Lukić,25,1.9
Lukić,26,1.9
Targett,21,2.1
Targett,22,2.1
Targett,23,2.0
Targett,24,2.0
Targett,25,2.5
Targett,26,2.0
Hause,21,2.1
Hause,22,2.4
Hause,23,2.1
Hause,24,2.2
Hause,25,2.0
Hause,26,2.1
Swinkels,21,2.1
Swinkels,22,2.4
Swinkels,23,2.1
Swinkels,24,2.2
Swinkels,25,2.0
Swinkels,26,2.1
Thomas,21,2.0
Thomas,22,2.1
Thomas,23,2.6
Thomas,24,2.1
Thomas,25,2.2
Thomas,26,2.1
Milner,21,2.0
Milner,22,2.1
Milner,23,2.1
Milner,24,2.0
Milner,25,1.9
Milner,26,2.4
Cajuste,21,2.0
Cajuste,22,2.0
Cajuste,23,1.9
Cajuste,24,2.1
Cajuste,25,2.0
Cajuste,26,2.0
Kporha,21,2.0
Kporha,22,2.2
Kporha,23,2.0
Kporha,24,2.2
Kporha,25,1.8
Kporha,26,2.2
Wilson-Brown,21,2.0
Wilson-Brown,22,2.1
Wilson-Brown,23,2.5
Wilson-Brown,24,2.1
Wilson-Brown,25,2.2
Wilson-Brown,26,2.1
Nkunku,21,2.0
Nkunku,22,2.1
Nkunku,23,1.9
Nkunku,24,2.1
Nkunku,25,2.0
Nkunku,26,1.9
Mayers,21,2.0
Mayers,22,2.0
Mayers,23,2.4
Mayers,24,2.4
Mayers,25,2.0
Mayers,26,2.4
Samuels,21,2.0
Samuels,22,2.3
Samuels,23,1.9
Samuels,24,2.1
Samuels,25,2.1
Samuels,26,2.1
Slater,21,2.0
Slater,22,2.3
Slater,23,1.9
Slater,24,2.1
Slater,25,2.1
Slater,26,2.1
McConville,21,2.0
McConville,22,2.3
McConville,23,1.9
McConville,24,2.1
McConville,25,2.1
McConville,26,2.1
Yates,21,2.0
Yates,22,2.2
Yates,23,1.9
Yates,24,2.1
Yates,25,2.0
Yates,26,2.0
Johnson,21,2.0
Johnson,22,2.1
Johnson,23,2.5
Johnson,24,1.9
Johnson,25,2.4
Johnson,26,2.1
Mangala,21,2.0
Mangala,22,2.0
Mangala,23,2.0
Mangala,24,2.2
Mangala,25,2.1
Mangala,26,2.0
Gruda,21,2.0
Gruda,22,2.0
Gruda,23,2.2
Gruda,24,1.9
Gruda,25,2.0
Gruda,26,2.3
Bogarde,21,2.0
Bogarde,22,2.4
Bogarde,23,2.0
Bogarde,24,2.2
Bogarde,25,1.9
Bogarde,26,2.1
J.Clarke,21,2.0
J.Clarke,22,1.8
J.Clarke,23,1.7
J.Clarke,24,2.1
J.Clarke,25,1.9
J.Clarke,26,2.0
Nedeljkovic,21,2.0
Nedeljkovic,22,2.4
Nedeljkovic,23,2.0
Nedeljkovic,24,2.2
Nedeljkovic,25,1.9
Nedeljkovic,26,2.1
Dibling,21,2.0
Dibling,22,1.9
Dibling,23,2.0
Dibling,24,2.0
Dibling,25,2.1
Dibling,26,2.0
Summerville,21,2.0
Summerville,22,2.1
Summerville,23,2.0
Summerville,24,2.0
Summerville,25,2.2
Summerville,26,1.8
Sterling,21,2.0
Sterling,22,2.1
Sterling,23,2.1
Sterling,24,1.9
Sterling,25,2.1
Sterling,26,2.1
Okoli,21,2.0
Okoli,22,2.0
Okoli,23,2.5
Okoli,24,2.0
Okoli,25,2.1
Okoli,26,2.0
Vestergaard,21,2.0
Vestergaard,22,2.0
Vestergaard,23,2.5
Vestergaard,24,2.1
Vestergaard,25,2.1
Vestergaard,26,2.0
Scarles,21,2.0
Scarles,22,1.9
Scarles,23,2.4
Scarles,24,2.4
Scarles,25,2.0
Scarles,26,2.4
Maguire,21,2.0
Maguire,22,2.1
Maguire,23,2.4
Maguire,24,2.1
Maguire,25,2.6
Maguire,26,2.2
O'Riley,21,2.0
O'Riley,22,2.0
O'Riley,23,2.2
O'Riley,24,1.9
O'Riley,25,2.0
O'Riley,26,2.4
Evans,21,2.0
Evans,22,2.1
Evans,23,2.4
Evans,24,2.1
Evans,25,2.7
Evans,26,2.2
Casey,21,2.0
Casey,22,1.9
Casey,23,2.4
Casey,24,2.4
Casey,25,2.0
Casey,26,2.4
Townsend,21,2.0
Townsend,22,2.0
Townsend,23,2.4
Townsend,24,1.8
Townsend,25,2.4
Townsend,26,2.0
Darwin,21,2.0
Darwin,22,2.1
Darwin,23,2.3
Darwin,24,1.9
Darwin,25,2.3
Darwin,26,1.8
Lindelof,21,2.0
Lindelof,22,2.1
Lindelof,23,2.3
Lindelof,24,2.1
Lindelof,25,2.6
Lindelof,26,2.2
Broadhead,21,2.0
Broadhead,22,1.8
Broadhead,23,1.8
Broadhead,24,2.0
Broadhead,25,1.8
Broadhead,26,1.9
Kamada,21,2.0
Kamada,22,1.9
Kamada,23,1.8
Kamada,24,1.8
Kamada,25,1.8
Kamada,26,1.8
Barkley,21,1.9
Barkley,22,1.7
Barkley,23,2.1
Barkley,24,2.0
Barkley,25,2.1
Barkley,26,1.9
Brereton Díaz,21,1.9
Brereton Díaz,22,1.8
Brereton Díaz,23,2.0
Brereton Díaz,24,1.9
Brereton Díaz,25,2.1
Brereton Díaz,26,2.0
Antony,21,1.9
Antony,22,1.8
Antony,23,1.7
Antony,24,1.8
Antony,25,1.8
Antony,26,1.7
Muniz,21,1.9
Muniz,22,2.0
Muniz,23,1.8
Muniz,24,1.6
Muniz,25,1.9
Muniz,26,1.9
Baleba,21,1.9
Baleba,22,2.0
Baleba,23,2.1
Baleba,24,1.9
Baleba,25,2.0
Baleba,26,2.2
Patterson,21,1.9
Patterson,22,2.0
Patterson,23,2.1
Patterson,24,2.0
Patterson,25,2.2
Patterson,26,1.9
Ferguson,21,1.9
Ferguson,22,1.9
Ferguson,23,2.0
Ferguson,24,1.8
Ferguson,25,1.7
Ferguson,26,2.3
Minteh,21,1.9
Minteh,22,1.9
Minteh,23,2.0
Minteh,24,1.8
Minteh,25,1.8
Minteh,26,2.3
Rodney,21,1.9
Rodney,22,1.9
Rodney,23,1.8
Rodney,24,1.8
Rodney,25,1.9
Rodney,26,1.8
Umeh-Chibueze,21,1.9
Umeh-Chibueze,22,1.9
Umeh-Chibueze,23,1.8
Umeh-Chibueze,24,1.8
Umeh-Chibueze,25,1.9
Umeh-Chibueze,26,1.8
Kukonki,21,1.9
Kukonki,22,2.1
Kukonki,23,2.3
Kukonki,24,2.0
Kukonki,25,2.5
Kukonki,26,2.1
Hee Chan,21,1.9
Hee Chan,22,1.9
Hee Chan,23,1.8
Hee Chan,24,2.0
Hee Chan,25,1.8
Hee Chan,26,1.9
McAtee,21,1.9
McAtee,22,1.8
McAtee,23,1.9
McAtee,24,1.6
McAtee,25,2.0
McAtee,26,1.9
Nketiah,21,1.9
Nketiah,22,1.8
Nketiah,23,1.7
Nketiah,24,1.7
Nketiah,25,1.9
Nketiah,26,1.7
Fletcher,21,1.9
Fletcher,22,1.8
Fletcher,23,1.8
Fletcher,24,1.8
Fletcher,25,1.9
Fletcher,26,1.8
Fitzgerald,21,1.9
Fitzgerald,22,1.8
Fitzgerald,23,1.8
Fitzgerald,24,1.8
Fitzgerald,25,1.9
Fitzgerald,26,1.8
Amass,21,1.9
Amass,22,2.1
Amass,23,2.2
Amass,24,2.0
Amass,25,2.5
Amass,26,2.1
Gray,21,1.9
Gray,22,2.1
Gray,23,2.3
Gray,24,2.1
Gray,25,2.1
Gray,26,2.1
Rak-Sakyi,21,1.9
Rak-Sakyi,22,1.9
Rak-Sakyi,23,1.7
Rak-Sakyi,24,1.9
Rak-Sakyi,25,1.8
Rak-Sakyi,26,1.7
George,21,1.9
George,22,1.9
George,23,1.7
George,24,1.9
George,25,1.8
George,26,1.7
Hayden,21,1.9
Hayden,22,1.9
Hayden,23,2.1
Hayden,24,1.8
Hayden,25,1.7
Hayden,26,1.8
Kuol,21,1.9
Kuol,22,1.9
Kuol,23,2.1
Kuol,24,1.8
Kuol,25,1.7
Kuol,26,1.8
Wilson,21,1.9
Wilson,22,1.9
Wilson,23,1.8
Wilson,24,1.7
Wilson,25,1.8
Wilson,26,1.8
Phillips,21,1.9
Phillips,22,1.8
Phillips,23,1.7
Phillips,24,2.0
Phillips,25,1.8
Phillips,26,1.9
P.M.Sarr,21,1.9
P.M.Sarr,22,2.1
P.M.Sarr,23,2.2
P.M.Sarr,24,2.2
P.M.Sarr,25,2.0
P.M.Sarr,26,2.1
M.França,21,1.9
M.França,22,1.9
M.França,23,1.8
M.França,24,1.8
M.França,25,1.8
M.França,26,1.7
Godo,21,1.9
Godo,22,1.9
Godo,23,1.7
Godo,24,1.7
Godo,25,1.8
Godo,26,1.8
Lavia,21,1.9
Lavia,22,1.9
Lavia,23,1.6
Lavia,24,1.9
Lavia,25,1.7
Lavia,26,1.6
Collyer,21,1.9
Collyer,22,1.8
Collyer,23,1.7
Collyer,24,1.8
Collyer,25,1.8
Collyer,26,1.8
Cartwright,21,1.9
Cartwright,22,1.8
Cartwright,23,1.9
Cartwright,24,1.8
Cartwright,25,1.7
Cartwright,26,1.9
Wright,21,1.8
Wright,22,1.8
Wright,23,1.7
Wright,24,1.6
Wright,25,1.8
Wright,26,1.7
Golding,21,1.8
Golding,22,1.8
Golding,23,1.9
Golding,24,1.8
Golding,25,1.7
Golding,26,1.8
Edouard,21,1.8
Edouard,22,1.7
Edouard,23,1.8
Edouard,24,1.8
Edouard,25,1.5
Edouard,26,1.8
Cresswell,21,1.8
Cresswell,22,1.8
Cresswell,23,2.2
Cresswell,24,2.3
Cresswell,25,1.8
Cresswell,26,2.3
O'Brien-Whitmarsh,21,1.8
O'Brien-Whitmarsh,22,1.7
O'Brien-Whitmarsh,23,1.8
O'Brien-Whitmarsh,24,1.8
O'Brien-Whitmarsh,25,1.9
O'Brien-Whitmarsh,26,1.8
Bates,21,1.8
Bates,22,1.8
Bates,23,1.8
Bates,24,2.0
Bates,25,1.8
Bates,26,1.8
G.Rodríguez,21,1.8
G.Rodríguez,22,1.9
G.Rodríguez,23,1.7
G.Rodríguez,24,1.7
G.Rodríguez,25,1.9
G.Rodríguez,26,1.6
Devenny,21,1.8
Devenny,22,1.8
Devenny,23,1.8
Devenny,24,1.7
Devenny,25,1.8
Devenny,26,1.7
Álvarez,21,1.8
Álvarez,22,1.9
Álvarez,23,1.8
Álvarez,24,1.8
Álvarez,25,1.9
Álvarez,26,1.7
Choudhury,21,1.8
Choudhury,22,1.7
Choudhury,23,1.8
Choudhury,24,1.8
Choudhury,25,1.6
Choudhury,26,1.8
Hirst,21,1.8
Hirst,22,1.6
Hirst,23,1.4
Hirst,24,2.0
Hirst,25,1.6
Hirst,26,1.7
Broggio,21,1.8
Broggio,22,1.6
Broggio,23,1.9
Broggio,24,1.9
Broggio,25,1.8
Broggio,26,1.7
King,21,1.8
King,22,1.8
King,23,1.7
King,24,1.6
King,25,1.7
King,26,1.7
Young,21,1.8
Young,22,1.6
Young,23,1.9
Young,24,1.9
Young,25,1.8
Young,26,1.7
Enciso,21,1.8
Enciso,22,1.9
Enciso,23,1.9
Enciso,24,1.8
Enciso,25,1.7
Enciso,26,2.1
C.Doucouré,21,1.8
C.Doucouré,22,1.8
C.Doucouré,23,1.7
C.Doucouré,24,1.7
C.Doucouré,25,1.8
C.Doucouré,26,1.7
Orford,21,1.8
Orford,22,1.9
Orford,23,1.7
Orford,24,1.7
Orford,25,1.9
Orford,26,1.6
Kabia,21,1.8
Kabia,22,1.8
Kabia,23,1.9
Kabia,24,1.7
Kabia,25,1.9
Kabia,26,1.9
Oulad M'hand,21,1.8
Oulad M'hand,22,1.8
Oulad M'hand,23,1.9
Oulad M'hand,24,1.7
Oulad M'hand,25,1.9
Oulad M'hand,26,1.9
Jota Silva,21,1.8
Jota Silva,22,2.1
Jota Silva,23,1.7
Jota Silva,24,2.0
Jota Silva,25,1.9
Jota Silva,26,1.8
L.Guilherme,21,1.8
L.Guilherme,22,1.9
L.Guilherme,23,1.7
L.Guilherme,24,1.8
L.Guilherme,25,1.9
L.Guilherme,26,1.6
H.Clarke,21,1.8
H.Clarke,22,1.9
H.Clarke,23,2.2
H.Clarke,24,1.6
H.Clarke,25,2.2
H.Clarke,26,1.9
Elliott,21,1.8
Elliott,22,2.0
Elliott,23,2.1
Elliott,24,1.7
Elliott,25,2.2
Elliott,26,1.7
Deivid,21,1.8
Deivid,22,1.8
Deivid,23,1.5
Deivid,24,1.8
Deivid,25,1.7
Deivid,26,1.6
Daka,21,1.8
Daka,22,1.7
Daka,23,1.7
Daka,24,1.8
Daka,25,1.5
Daka,26,1.7
Marsh,21,1.8
Marsh,22,1.7
Marsh,23,1.6
Marsh,24,1.6
Marsh,25,1.7
Marsh,26,1.5
Peupion,21,1.8
Peupion,22,1.8
Peupion,23,1.9
Peupion,24,1.7
Peupion,25,1.7
Peupion,26,2.1
Willock,21,1.8
Willock,22,1.8
Willock,23,2.0
Willock,24,1.7
Willock,25,1.6
Willock,26,1.7
Lewis-Skelly,21,1.8
Lewis-Skelly,22,1.8
Lewis-Skelly,23,1.8
Lewis-Skelly,24,1.7
Lewis-Skelly,25,1.9
Lewis-Skelly,26,1.8
R.Gomes,21,1.7
R.Gomes,22,1.7
R.Gomes,23,1.7
R.Gomes,24,1.9
R.Gomes,25,1.7
R.Gomes,26,1.7
Jorginho,21,1.7
Jorginho,22,1.8
Jorginho,23,1.9
Jorginho,24,1.7
Jorginho,25,2.0
Jorginho,26,1.9
Dominguez,21,1.7
Dominguez,22,1.9
Dominguez,23,1.7
Dominguez,24,1.8
Dominguez,25,1.7
Dominguez,26,1.7
Moder,21,1.7
Moder,22,1.8
Moder,23,1.7
Moder,24,1.6
Moder,25,1.5
Moder,26,2.0
Schlupp,21,1.7
Schlupp,22,1.7
Schlupp,23,1.7
Schlupp,24,1.6
Schlupp,25,1.7
Schlupp,26,1.6
Vinicius,21,1.7
Vinicius,22,1.8
Vinicius,23,1.6
Vinicius,24,1.4
Vinicius,25,1.6
Vinicius,26,1.6
Marc Guiu,21,1.7
Marc Guiu,22,1.7
Marc Guiu,23,1.4
Marc Guiu,24,1.7
Marc Guiu,25,1.6
Marc Guiu,26,1.5
Skipp,21,1.7
Skipp,22,1.7
Skipp,23,1.7
Skipp,24,1.7
Skipp,25,1.6
Skipp,26,1.7
Yarmoliuk,21,1.7
Yarmoliuk,22,1.7
Yarmoliuk,23,1.7
Yarmoliuk,24,1.8
Yarmoliuk,25,1.8
Yarmoliuk,26,1.8
Wheatley,21,1.7
Wheatley,22,1.5
Wheatley,23,1.5
Wheatley,24,1.6
Wheatley,25,1.6
Wheatley,26,1.6
Nyoni,21,1.7
Nyoni,22,1.9
Nyoni,23,1.8
Nyoni,24,1.7
Nyoni,25,1.9
Nyoni,26,1.7
Cundle,21,1.7
Cundle,22,1.7
Cundle,23,1.7
Cundle,24,1.8
Cundle,25,1.6
Cundle,26,1.7
Cornet,21,1.7
Cornet,22,1.6
Cornet,23,1.7
Cornet,24,1.7
Cornet,25,1.8
Cornet,26,1.7
Edozie,21,1.7
Edozie,22,1.7
Edozie,23,1.7
Edozie,24,1.8
Edozie,25,1.6
Edozie,26,1.7
Luongo,21,1.7
Luongo,22,1.6
Luongo,23,1.6
Luongo,24,1.8
Luongo,25,1.6
Luongo,26,1.7
Morton,21,1.7
Morton,22,1.8
Morton,23,1.8
Morton,24,1.7
Morton,25,1.9
Morton,26,1.7
De Cordova-Reid,21,1.7
De Cordova-Reid,22,1.7
De Cordova-Reid,23,1.7
De Cordova-Reid,24,1.7
De Cordova-Reid,25,1.6
De Cordova-Reid,26,1.7
Agbinone,21,1.7
Agbinone,22,1.7
Agbinone,23,1.6
Agbinone,24,1.6
Agbinone,25,1.7
Agbinone,26,1.6
C.Soler,21,1.7
C.Soler,22,1.8
C.Soler,23,1.6
C.Soler,24,1.6
C.Soler,25,1.8
C.Soler,26,1.5
Onuachu,21,1.7
Onuachu,22,1.6
Onuachu,23,1.6
Onuachu,24,1.7
Onuachu,25,1.7
Onuachu,26,1.7
Alves,21,1.7
Alves,22,1.6
Alves,23,1.7
Alves,24,1.7
Alves,25,1.5
Alves,26,1.7
Casadei,21,1.7
Casadei,22,1.7
Casadei,23,1.5
Casadei,24,1.7
Casadei,25,1.6
Casadei,26,1.5
Brierley,21,1.7
Brierley,22,1.7
Brierley,23,1.8
Brierley,24,1.8
Brierley,25,1.9
Brierley,26,1.9
Yogane,21,1.7
Yogane,22,1.7
Yogane,23,1.8
Yogane,24,1.8
Yogane,25,1.9
Yogane,26,1.9
Guedes,21,1.7
Guedes,22,1.7
Guedes,23,1.7
Guedes,24,1.9
Guedes,25,1.6
Guedes,26,1.6
Adams,21,1.7
Adams,22,1.7
Adams,23,1.8
Adams,24,1.7
Adams,25,2.0
Adams,26,1.9
B.Soumaré,21,1.7
B.Soumaré,22,1.6
B.Soumaré,23,1.7
B.Soumaré,24,1.7
B.Soumaré,25,1.5
B.Soumaré,26,1.7
McConnell,21,1.7
McConnell,22,1.8
McConnell,23,1.8
McConnell,24,1.6
McConnell,25,1.8
McConnell,26,1.6
Broja,21,1.7
Broja,22,1.6
Broja,23,1.6
Broja,24,1.9
Broja,25,1.7
Broja,26,1.7
Bissouma,21,1.7
Bissouma,22,1.9
Bissouma,23,2.1
Bissouma,24,1.9
Bissouma,25,1.9
Bissouma,26,1.8
Beto,21,1.7
Beto,22,1.6
Beto,23,1.6
Beto,24,1.9
Beto,25,1.7
Beto,26,1.6
Werner,21,1.7
Werner,22,2.0
Werner,23,2.5
Werner,24,2.2
Werner,25,2.0
Werner,26,2.1
Taylor,21,1.7
Taylor,22,1.5
Taylor,23,1.3
Taylor,24,1.8
Taylor,25,1.4
Taylor,26,1.6
Winterburn,21,1.7
Winterburn,22,1.7
Winterburn,23,1.8
Winterburn,24,1.7
Winterburn,25,2.0
Winterburn,26,1.8
Sosa,21,1.7
Sosa,22,1.9
Sosa,23,1.6
Sosa,24,1.8
Sosa,25,1.7
Sosa,26,1.7
Carvalho,21,1.7
Carvalho,22,1.7
Carvalho,23,1.8
Carvalho,24,1.8
Carvalho,25,1.9
Carvalho,26,1.9
Philip,21,1.6
Philip,22,1.6
Philip,23,1.8
Philip,24,1.6
Philip,25,2.0
Philip,26,1.8
Fraser,21,1.6
Fraser,22,1.5
Fraser,23,1.6
Fraser,24,1.6
Fraser,25,1.7
Fraser,26,1.6
Ugochukwu,21,1.6
Ugochukwu,22,1.5
Ugochukwu,23,1.6
Ugochukwu,24,1.6
Ugochukwu,25,1.6
Ugochukwu,26,1.6
Kamaldeen,21,1.6
Kamaldeen,22,1.5
Kamaldeen,23,1.6
Kamaldeen,24,1.6
Kamaldeen,25,1.7
Kamaldeen,26,1.7
Trevitt,21,1.6
Trevitt,22,1.6
Trevitt,23,1.7
Trevitt,24,1.7
Trevitt,25,1.8
Trevitt,26,1.8
Wieffer,21,1.6
Wieffer,22,1.7
Wieffer,23,1.7
Wieffer,24,1.6
Wieffer,25,1.6
Wieffer,26,1.9
Ings,21,1.6
Ings,22,1.7
Ings,23,1.4
Ings,24,1.4
Ings,25,1.7
Ings,26,1.2
Reed,21,1.6
Reed,22,1.6
Reed,23,1.5
Reed,24,1.5
Reed,25,1.5
Reed,26,1.5
Bellegarde,21,1.6
Bellegarde,22,1.6
Bellegarde,23,1.6
Bellegarde,24,1.7
Bellegarde,25,1.5
Bellegarde,26,1.6
Doyle,21,1.6
Doyle,22,1.6
Doyle,23,1.5
Doyle,24,1.6
Doyle,25,1.5
Doyle,26,1.6
Nwaneri,21,1.6
Nwaneri,22,1.6
Nwaneri,23,1.6
Nwaneri,24,1.5
Nwaneri,25,1.7
Nwaneri,26,1.6
Cairney,21,1.6
Cairney,22,1.6
Cairney,23,1.6
Cairney,24,1.4
Cairney,25,1.7
Cairney,26,1.7
Bentancur,21,1.6
Bentancur,22,1.8
Bentancur,23,2.0
Bentancur,24,1.8
Bentancur,25,1.8
Bentancur,26,1.7
Williams-Barnett,21,1.6
Williams-Barnett,22,1.8
Williams-Barnett,23,2.0
Williams-Barnett,24,1.9
Williams-Barnett,25,1.8
Williams-Barnett,26,1.8
Olusesi,21,1.6
Olusesi,22,1.8
Olusesi,23,2.0
Olusesi,24,1.8
Olusesi,25,1.8
Olusesi,26,1.8
Amo-Ameyaw,21,1.6
Amo-Ameyaw,22,1.5
Amo-Ameyaw,23,1.5
Amo-Ameyaw,24,1.5
Amo-Ameyaw,25,1.6
Amo-Ameyaw,26,1.6
Mubama,21,1.6
Mubama,22,1.6
Mubama,23,1.4
Mubama,24,1.2
Mubama,25,1.5
Mubama,26,1.3
Irving,21,1.6
Irving,22,1.6
Irving,23,1.5
Irving,24,1.5
Irving,25,1.6
Irving,26,1.4
Buendia,21,1.6
Buendia,22,1.3
Buendia,23,1.6
Buendia,24,1.6
Buendia,25,1.6
Buendia,26,1.4
Da Silva Moreira,21,1.5
Da Silva Moreira,22,1.7
Da Silva Moreira,23,1.5
Da Silva Moreira,24,1.6
Da Silva Moreira,25,1.6
Da Silva Moreira,26,1.6
Forbs,21,1.5
Forbs,22,1.5
Forbs,23,1.5
Forbs,24,1.7
Forbs,25,1.4
Forbs,26,1.5
Endo,21,1.5
Endo,22,1.6
Endo,23,1.7
Endo,24,1.5
Endo,25,1.7
Endo,26,1.5
B.Traore,21,1.5
B.Traore,22,1.5
B.Traore,23,1.5
B.Traore,24,1.6
B.Traore,25,1.5
B.Traore,26,1.5
Dennis,21,1.5
Dennis,22,1.9
Dennis,23,1.6
Dennis,24,1.7
Dennis,25,1.7
Dennis,26,1.6
Duran,21,1.5
Duran,22,1.1
Duran,23,1.6
Duran,24,1.5
Duran,25,1.6
Duran,26,1.4
Renato Veiga,21,1.5
Renato Veiga,22,1.5
Renato Veiga,23,1.3
Renato Veiga,24,1.5
Renato Veiga,25,1.4
Renato Veiga,26,1.4
Moore,21,1.5
Moore,22,1.7
Moore,23,1.9
Moore,24,1.7
Moore,25,1.7
Moore,26,1.7
Maghoma,21,1.5
Maghoma,22,1.5
Maghoma,23,1.6
Maghoma,24,1.6
Maghoma,25,1.7
Maghoma,26,1.7
Danns,21,1.5
Danns,22,1.6
Danns,23,1.6
Danns,24,1.4
Danns,25,1.6
Danns,26,1.3
Butler-Oyedeji,21,1.5
Butler-Oyedeji,22,1.6
Butler-Oyedeji,23,1.7
Butler-Oyedeji,24,1.4
Butler-Oyedeji,25,1.8
Butler-Oyedeji,26,1.6
Y. Chermiti,21,1.5
Y. Chermiti,22,1.4
Y. Chermiti,23,1.4
Y. Chermiti,24,1.7
Y. Chermiti,25,1.5
Y. Chermiti,26,1.5
Stewart,21,1.5
Stewart,22,1.4
Stewart,23,1.3
Stewart,24,1.5
Stewart,25,1.5
Stewart,26,1.4
Brooks,21,1.5
Brooks,22,1.5
Brooks,23,1.6
Brooks,24,1.5
Brooks,25,1.8
Brooks,26,1.7
Jaden,21,1.5
Jaden,22,1.2
Jaden,23,1.6
Jaden,24,1.5
Jaden,25,1.5
Jaden,26,1.4
Enes Ünal,21,1.5
Enes Ünal,22,1.4
Enes Ünal,23,1.7
Enes Ünal,24,1.4
Enes Ünal,25,2.1
Enes Ünal,26,1.7
Osula,21,1.4
Osula,22,1.4
Osula,23,1.8
Osula,24,1.3
Osula,25,1.1
Osula,26,1.4
Chiwome,21,1.4
Chiwome,22,1.4
Chiwome,23,1.4
Chiwome,24,1.6
Chiwome,25,1.3
Chiwome,26,1.5
Rees-Dottin,21,1.4
Rees-Dottin,22,1.4
Rees-Dottin,23,1.6
Rees-Dottin,24,1.3
Rees-Dottin,25,2.0
Rees-Dottin,26,1.6
Armstrong,21,1.4
Armstrong,22,1.4
Armstrong,23,1.4
Armstrong,24,1.6
Armstrong,25,1.4
Armstrong,26,1.4
Lallana,21,1.4
Lallana,22,1.3
Lallana,23,1.3
Lallana,24,1.3
Lallana,25,1.4
Lallana,26,1.4
Konak,21,1.4
Konak,22,1.4
Konak,23,1.5
Konak,24,1.4
Konak,25,1.6
Konak,26,1.6
Awoniyi,21,1.4
Awoniyi,22,1.8
Awoniyi,23,1.5
Awoniyi,24,1.6
Awoniyi,25,1.6
Awoniyi,26,1.4
Bergvall,21,1.3
Bergvall,22,1.5
Bergvall,23,1.7
Bergvall,24,1.6
Bergvall,25,1.5
Bergvall,26,1.5
Richarlison,21,1.3
Richarlison,22,1.7
Richarlison,23,2.0
Richarlison,24,1.7
Richarlison,25,1.7
Richarlison,26,1.7
Al-Hamadi,21,1.3
Al-Hamadi,22,1.1
Al-Hamadi,23,1.0
Al-Hamadi,24,1.5
Al-Hamadi,25,1.1
Al-Hamadi,26,1.2
Lankshear,21,1.1
Lankshear,22,1.6
Lankshear,23,1.7
Lankshear,24,1.5
Lankshear,25,1.5
Lankshear,26,1.6
Zanka,21,0.0
Zanka,22,0.0
Zanka,23,0.0
Zanka,24,0.0
Zanka,25,0.0
Zanka,26,0.0
Smith,21,0.0
Smith,22,0.0
Smith,23,0.0
Smith,24,0.0
Smith,25,0.0
Smith,26,0.0
Antonio,21,0.0
Antonio,22,0.0
Antonio,23,0.0
Antonio,24,0.0
Antonio,25,0.0
Antonio,26,0.0
Gross,21,0.0
Gross,22,0.0
Gross,23,0.0
Gross,24,0.0
Gross,25,0.0
Gross,26,0.0
Lukaku,21,0.0
Lukaku,22,0.0
Lukaku,23,0.0
Lukaku,24,0.0
Lukaku,25,0.0
Lukaku,26,0.0
Wilson,21,0.0
Wilson,22,0.0
Wilson,23,0.0
Wilson,24,0.0
Wilson,25,1.6
Wilson,26,2.1
Ream,21,0.0
Ream,22,0.0
Ream,23,0.0
Ream,24,0.0
Ream,25,0.0
Ream,26,0.0
Sarabia,21,0.0
Sarabia,22,0.0
Sarabia,23,0.0
Sarabia,24,0.0
Sarabia,25,0.0
Sarabia,26,0.0
Ladapo,21,0.0
Ladapo,22,0.0
Ladapo,23,0.0
Ladapo,24,0.0
Ladapo,25,0.0
Ladapo,26,0.0
Lascelles,21,0.0
Lascelles,22,0.0
Lascelles,23,2.4
Lascelles,24,2.3
Lascelles,25,2.8
Lascelles,26,2.4
Zouma,21,0.0
Zouma,22,0.0
Zouma,23,0.0
Zouma,24,0.0
Zouma,25,0.0
Zouma,26,0.0
Shaw,21,0.0
Shaw,22,0.0
Shaw,23,0.0
Shaw,24,0.0
Shaw,25,0.0
Shaw,26,0.0
Ricardo,21,0.0
Ricardo,22,0.0
Ricardo,23,0.0
Ricardo,24,0.0
Ricardo,25,0.0
Ricardo,26,2.4
João Cancelo,21,0.0
João Cancelo,22,0.0
João Cancelo,23,0.0
João Cancelo,24,0.0
João Cancelo,25,0.0
João Cancelo,26,0.0
Højbjerg,21,0.0
Højbjerg,22,0.0
Højbjerg,23,0.0
Højbjerg,24,0.0
Højbjerg,25,0.0
Højbjerg,26,0.0
Dendoncker,21,0.0
Dendoncker,22,0.0
Dendoncker,23,0.0
Dendoncker,24,0.0
Dendoncker,25,0.0
Dendoncker,26,0.0
Tete,21,0.0
Tete,22,0.0
Tete,23,0.0
Tete,24,0.0
Tete,25,2.5
Tete,26,2.5
Harness,21,0.0
Harness,22,0.0
Harness,23,0.0
Harness,24,0.0
Harness,25,0.0
Harness,26,0.0
Gomez,21,0.0
Gomez,22,0.0
Gomez,23,0.0
Gomez,24,0.0
Gomez,25,0.0
Gomez,26,0.0
Bowen,21,0.0
Bowen,22,0.0
Bowen,23,3.3
Bowen,24,3.2
Bowen,25,3.5
Bowen,26,2.9
Tuanzebe,21,0.0
Tuanzebe,22,0.0
Tuanzebe,23,0.0
Tuanzebe,24,0.0
Tuanzebe,25,0.0
Tuanzebe,26,0.0
Dasilva,21,0.0
Dasilva,22,0.0
Dasilva,23,0.0
Dasilva,24,0.0
Dasilva,25,0.0
Dasilva,26,0.0
Vicario,21,0.0
Vicario,22,0.0
Vicario,23,0.0
Vicario,24,0.0
Vicario,25,0.0
Vicario,26,0.0
Mount,21,0.0
Mount,22,0.0
Mount,23,0.0
Mount,24,0.0
Mount,25,0.0
Mount,26,0.0
Ajer,21,0.0
Ajer,22,0.0
Ajer,23,0.0
Ajer,24,0.0
Ajer,25,0.0
Ajer,26,0.0
Henry,21,0.0
Henry,22,0.0
Henry,23,0.0
Henry,24,0.0
Henry,25,0.0
Henry,26,0.0
Holgate,21,0.0
Holgate,22,0.0
Holgate,23,0.0
Holgate,24,0.0
Holgate,25,0.0
Holgate,26,0.0
Souttar,21,0.0
Souttar,22,0.0
Souttar,23,0.0
Souttar,24,0.0
Souttar,25,0.0
Souttar,26,0.0
Lewis,21,0.0
Lewis,22,0.0
Lewis,23,0.0
Lewis,24,0.0
Lewis,25,0.0
Lewis,26,0.0
N.Phillips,21,0.0
N.Phillips,22,0.0
N.Phillips,23,0.0
N.Phillips,24,0.0
N.Phillips,25,0.0
N.Phillips,26,0.0
White,21,0.0
White,22,0.0
White,23,0.0
White,24,0.0
White,25,0.0
White,26,0.0
Nelson,21,0.0
Nelson,22,0.0
Nelson,23,0.0
Nelson,24,0.0
Nelson,25,2.1
Nelson,26,2.1
Tavernier,21,0.0
Tavernier,22,0.0
Tavernier,23,0.0
Tavernier,24,0.0
Tavernier,25,0.0
Tavernier,26,0.0
Ndidi,21,0.0
Ndidi,22,0.0
Ndidi,23,0.0
Ndidi,24,0.0
Ndidi,25,0.0
Ndidi,26,0.0
Konaté,21,0.0
Konaté,22,0.0
Konaté,23,0.0
Konaté,24,0.0
Konaté,25,0.0
Konaté,26,0.0
M.Sarr,21,0.0
M.Sarr,22,0.0
M.Sarr,23,0.0
M.Sarr,24,0.0
M.Sarr,25,0.0
M.Sarr,26,0.0
O.Richards,21,0.0
O.Richards,22,0.0
O.Richards,23,0.0
O.Richards,24,0.0
O.Richards,25,0.0
O.Richards,26,0.0
Panzo,21,0.0
Panzo,22,0.0
Panzo,23,0.0
Panzo,24,0.0
Panzo,25,0.0
Panzo,26,0.0
Sangaré,21,0.0
Sangaré,22,0.0
Sangaré,23,0.0
Sangaré,24,0.0
Sangaré,25,0.0
Sangaré,26,0.0
N.Aguerd,21,0.0
N.Aguerd,22,0.0
N.Aguerd,23,0.0
N.Aguerd,24,0.0
N.Aguerd,25,0.0
N.Aguerd,26,0.0
Edmundson,21,0.0
Edmundson,22,0.0
Edmundson,23,0.0
Edmundson,24,0.0
Edmundson,25,0.0
Edmundson,26,0.0
R.Williams,21,0.0
R.Williams,22,0.0
R.Williams,23,0.0
R.Williams,24,0.0
R.Williams,25,0.0
R.Williams,26,0.0
Rodrigo,21,0.0
Rodrigo,22,0.0
Rodrigo,23,0.0
Rodrigo,24,0.0
Rodrigo,25,0.0
Rodrigo,26,0.0
Senesi,21,0.0
Senesi,22,0.0
Senesi,23,0.0
Senesi,24,0.0
Senesi,25,0.0
Senesi,26,0.0
Saka,21,0.0
Saka,22,0.0
Saka,23,0.0
Saka,24,0.0
Saka,25,0.0
Saka,26,0.0
Tomiyasu,21,0.0
Tomiyasu,22,0.0
Tomiyasu,23,0.0
Tomiyasu,24,0.0
Tomiyasu,25,0.0
Tomiyasu,26,0.0
Mepham,21,0.0
Mepham,22,0.0
Mepham,23,0.0
Mepham,24,0.0
Mepham,25,0.0
Mepham,26,0.0
Sinisterra,21,0.0
Sinisterra,22,0.0
Sinisterra,23,0.0
Sinisterra,24,0.0
Sinisterra,25,0.0
Sinisterra,26,0.0
Ogbene,21,0.0
Ogbene,22,0.0
Ogbene,23,0.0
Ogbene,24,0.0
Ogbene,25,0.0
Ogbene,26,0.0
Pinnock,21,0.0
Pinnock,22,0.0
Pinnock,23,0.0
Pinnock,24,0.0
Pinnock,25,0.0
Pinnock,26,0.0
Garner,21,0.0
Garner,22,0.0
Garner,23,0.0
Garner,24,0.0
Garner,25,0.0
Garner,26,0.0
Solomon,21,0.0
Solomon,22,0.0
Solomon,23,0.0
Solomon,24,0.0
Solomon,25,0.0
Solomon,26,0.0
Hodge,21,0.0
Hodge,22,0.0
Hodge,23,0.0
Hodge,24,0.0
Hodge,25,0.0
Hodge,26,0.0
B.Badiashile,21,0.0
B.Badiashile,22,0.0
B.Badiashile,23,0.0
B.Badiashile,24,0.0
B.Badiashile,25,0.0
B.Badiashile,26,0.0
O'Brien,21,0.0
O'Brien,22,0.0
O'Brien,23,0.0
O'Brien,24,0.0
O'Brien,25,0.0
O'Brien,26,0.0
Diaby,21,0.0
Diaby,22,0.0
Diaby,23,0.0
Diaby,24,0.0
Diaby,25,0.0
Diaby,26,0.0
Mighten,21,0.0
Mighten,22,0.0
Mighten,23,0.0
Mighten,24,0.0
Mighten,25,0.0
Mighten,26,0.0
Bowler,21,0.0
Bowler,22,0.0
Bowler,23,0.0
Bowler,24,0.0
Bowler,25,0.0
Bowler,26,0.0
Ndaba,21,0.0
Ndaba,22,0.0
Ndaba,23,0.0
Ndaba,24,0.0
Ndaba,25,0.0
Ndaba,26,0.0
Sinisalo,21,0.0
Sinisalo,22,0.0
Sinisalo,23,0.0
Sinisalo,24,0.0
Sinisalo,25,0.0
Sinisalo,26,0.0
H.Traorè,21,0.0
H.Traorè,22,0.0
H.Traorè,23,0.0
H.Traorè,24,0.0
H.Traorè,25,0.0
H.Traorè,26,0.0
Onyeka,21,0.0
Onyeka,22,0.0
Onyeka,23,0.0
Onyeka,24,0.0
Onyeka,25,0.0
Onyeka,26,0.0
Kalajdžić,21,0.0
Kalajdžić,22,0.0
Kalajdžić,23,0.0
Kalajdžić,24,0.0
Kalajdžić,25,0.0
Kalajdžić,26,0.0
Bryan,21,0.0
Bryan,22,0.0
Bryan,23,0.0
Bryan,24,0.0
Bryan,25,0.0
Bryan,26,0.0
J.Araujo,21,0.0
J.Araujo,22,0.0
J.Araujo,23,0.0
J.Araujo,24,0.0
J.Araujo,25,0.0
J.Araujo,26,0.0
Fábio Vieira,21,0.0
Fábio Vieira,22,0.0
Fábio Vieira,23,0.0
Fábio Vieira,24,0.0
Fábio Vieira,25,0.0
Fábio Vieira,26,0.0
Sarmiento,21,0.0
Sarmiento,22,0.0
Sarmiento,23,0.0
Sarmiento,24,0.0
Sarmiento,25,0.0
Sarmiento,26,0.0
Faivre,21,0.0
Faivre,22,0.0
Faivre,23,0.0
Faivre,24,0.0
Faivre,25,0.0
Faivre,26,0.0
Hoever,21,0.0
Hoever,22,0.0
Hoever,23,0.0
Hoever,24,0.0
Hoever,25,0.0
Hoever,26,0.0
Anthony,21,0.0
Anthony,22,0.0
Anthony,23,0.0
Anthony,24,0.0
Anthony,25,0.0
Anthony,26,0.0
W.Fofana,21,0.0
W.Fofana,22,0.0
W.Fofana,23,0.0
W.Fofana,24,0.0
W.Fofana,25,0.0
W.Fofana,26,0.0
Offiah,21,0.0
Offiah,22,0.0
Offiah,23,0.0
Offiah,24,0.0
Offiah,25,0.0
Offiah,26,0.0
Fábio Silva,21,0.0
Fábio Silva,22,0.0
Fábio Silva,23,0.0
Fábio Silva,24,0.0
Fábio Silva,25,0.0
Fábio Silva,26,0.0
Ebiowei,21,0.0
Ebiowei,22,0.0
Ebiowei,23,0.0
Ebiowei,24,0.0
Ebiowei,25,0.0
Ebiowei,26,0.0
Peart-Harris,21,0.0
Peart-Harris,22,0.0
Peart-Harris,23,0.0
Peart-Harris,24,0.0
Peart-Harris,25,0.0
Peart-Harris,26,0.0
Rak-Sakyi,21,0.0
Rak-Sakyi,22,0.0
Rak-Sakyi,23,0.0
Rak-Sakyi,24,0.0
Rak-Sakyi,25,0.0
Rak-Sakyi,26,0.0
Bazunu,21,0.0
Bazunu,22,0.0
Bazunu,23,0.0
Bazunu,24,0.0
Bazunu,25,3.6
Bazunu,26,3.5
Petrović,21,0.0
Petrović,22,0.0
Petrović,23,0.0
Petrović,24,0.0
Petrović,25,0.0
Petrović,26,0.0
Cannon,21,0.0
Cannon,22,0.0
Cannon,23,0.0
Cannon,24,0.0
Cannon,25,0.0
Cannon,26,0.0
Dobbin,21,0.0
Dobbin,22,0.0
Dobbin,23,0.0
Dobbin,24,0.0
Dobbin,25,0.0
Dobbin,26,0.0
White,21,0.0
White,22,0.0
White,23,0.0
White,24,0.0
White,25,0.0
White,26,0.0
Marcal,21,0.0
Marcal,22,0.0
Marcal,23,0.0
Marcal,24,0.0
Marcal,25,0.0
Marcal,26,0.0
McAteer,21,0.0
McAteer,22,0.0
McAteer,23,0.0
McAteer,24,0.0
McAteer,25,0.0
McAteer,26,0.0
Marschall,21,0.0
Marschall,22,0.0
Marschall,23,0.0
Marschall,24,0.0
Marschall,25,0.0
Marschall,26,0.0
Charles,21,0.0
Charles,22,0.0
Charles,23,0.0
Charles,24,0.0
Charles,25,0.0
Charles,26,0.0
Hein,21,0.0
Hein,22,0.0
Hein,23,0.0
Hein,24,0.0
Hein,25,0.0
Hein,26,0.0
Kesler-Hayden,21,0.0
Kesler-Hayden,22,0.0
Kesler-Hayden,23,0.0
Kesler-Hayden,24,0.0
Kesler-Hayden,25,0.0
Kesler-Hayden,26,0.0
Hannibal,21,0.0
Hannibal,22,0.0
Hannibal,23,0.0
Hannibal,24,0.0
Hannibal,25,0.0
Hannibal,26,0.0
Ahamada,21,0.0
Ahamada,22,0.0
Ahamada,23,0.0
Ahamada,24,0.0
Ahamada,25,0.0
Ahamada,26,0.0
Hermansen,21,0.0
Hermansen,22,0.0
Hermansen,23,0.0
Hermansen,24,0.0
Hermansen,25,0.0
Hermansen,26,0.0
Iling Jr,21,0.0
Iling Jr,22,0.0
Iling Jr,23,0.0
Iling Jr,24,0.0
Iling Jr,25,0.0
Iling Jr,26,0.0
Hickey,21,0.0
Hickey,22,0.0
Hickey,23,0.0
Hickey,24,0.0
Hickey,25,0.0
Hickey,26,0.0
Rushworth,21,0.0
Rushworth,22,0.0
Rushworth,23,0.0
Rushworth,24,0.0
Rushworth,25,0.0
Rushworth,26,0.0
Baker-Boaitey,21,0.0
Baker-Boaitey,22,0.0
Baker-Boaitey,23,0.0
Baker-Boaitey,24,0.0
Baker-Boaitey,25,0.0
Baker-Boaitey,26,0.0
Kaboré,21,0.0
Kaboré,22,0.0
Kaboré,23,0.0
Kaboré,24,0.0
Kaboré,25,0.0
Kaboré,26,0.0
Bobb,21,0.0
Bobb,22,0.0
Bobb,23,0.0
Bobb,24,0.0
Bobb,25,0.0
Bobb,26,0.0
Kozlowski,21,0.0
Kozlowski,22,0.0
Kozlowski,23,0.0
Kozlowski,24,0.0
Kozlowski,25,0.0
Kozlowski,26,0.0
Wiley,21,0.0
Wiley,22,0.0
Wiley,23,0.0
Wiley,24,0.0
Wiley,25,0.0
Wiley,26,0.0
Iroegbunam,21,0.0
Iroegbunam,22,0.0
Iroegbunam,23,0.0
Iroegbunam,24,0.0
Iroegbunam,25,0.0
Iroegbunam,26,0.0
Scarlett,21,0.0
Scarlett,22,0.0
Scarlett,23,0.0
Scarlett,24,0.0
Scarlett,25,0.0
Scarlett,26,0.0
Edozie,21,0.0
Edozie,22,0.0
Edozie,23,0.0
Edozie,24,0.0
Edozie,25,0.0
Edozie,26,0.0
H.Bueno,21,0.0
H.Bueno,22,0.0
H.Bueno,23,0.0
H.Bueno,24,0.0
H.Bueno,25,0.0
H.Bueno,26,0.0
Earthy,21,0.0
Earthy,22,0.0
Earthy,23,0.0
Earthy,24,0.0
Earthy,25,0.0
Earthy,26,0.0
Barrenechea,21,0.0
Barrenechea,22,0.0
Barrenechea,23,0.0
Barrenechea,24,0.0
Barrenechea,25,0.0
Barrenechea,26,0.0
Metcalfe,21,0.0
Metcalfe,22,0.0
Metcalfe,23,0.0
Metcalfe,24,0.0
Metcalfe,25,0.0
Metcalfe,26,0.0
Bradley,21,0.0
Bradley,22,0.0
Bradley,23,0.0
Bradley,24,0.0
Bradley,25,0.0
Bradley,26,0.0
Paulsen,21,0.0
Paulsen,22,0.0
Paulsen,23,0.0
Paulsen,24,0.0
Paulsen,25,0.0
Paulsen,26,0.0
Devine,21,0.0
Devine,22,0.0
Devine,23,0.0
Devine,24,0.0
Devine,25,0.0
Devine,26,0.0
Doak,21,0.0
Doak,22,0.0
Doak,23,0.0
Doak,24,0.0
Doak,25,0.0
Doak,26,0.0
Chirewa,21,0.0
Chirewa,22,0.0
Chirewa,23,0.0
Chirewa,24,0.0
Chirewa,25,0.0
Chirewa,26,0.0
Nelson,21,0.0
Nelson,22,0.0
Nelson,23,0.0
Nelson,24,0.0
Nelson,25,0.0
Nelson,26,0.0
Mosquera,21,0.0
Mosquera,22,0.0
Mosquera,23,0.0
Mosquera,24,0.0
Mosquera,25,0.0
Mosquera,26,0.0
Thiago,21,0.0
Thiago,22,0.0
Thiago,23,0.0
Thiago,24,0.0
Thiago,25,0.0
Thiago,26,0.0
Alcaraz,21,0.0
Alcaraz,22,0.0
Alcaraz,23,0.0
Alcaraz,24,0.0
Alcaraz,25,0.0
Alcaraz,26,0.0
Scott,21,0.0
Scott,22,0.0
Scott,23,0.0
Scott,24,0.0
Scott,25,0.0
Scott,26,0.0
Chiquinho,21,0.0
Chiquinho,22,0.0
Chiquinho,23,0.0
Chiquinho,24,0.0
Chiquinho,25,0.0
Chiquinho,26,0.0
Moran,21,0.0
Moran,22,0.0
Moran,23,0.0
Moran,24,0.0
Moran,25,0.0
Moran,26,0.0
Gilchrist,21,0.0
Gilchrist,22,0.0
Gilchrist,23,0.0
Gilchrist,24,0.0
Gilchrist,25,0.0
Gilchrist,26,0.0
Sousa,21,0.0
Sousa,22,0.0
Sousa,23,0.0
Sousa,24,0.0
Sousa,25,0.0
Sousa,26,0.0
Harris,21,0.0
Harris,22,0.0
Harris,23,0.0
Harris,24,0.0
Harris,25,0.0
Harris,26,0.0
Baggott,21,0.0
Baggott,22,0.0
Baggott,23,0.0
Baggott,24,0.0
Baggott,25,0.0
Baggott,26,0.0
Cozier-Duberry,21,0.0
Cozier-Duberry,22,0.0
Cozier-Duberry,23,0.0
Cozier-Duberry,24,0.0
Cozier-Duberry,25,0.0
Cozier-Duberry,26,0.0
Jebbison,21,0.0
Jebbison,22,0.0
Jebbison,23,0.0
Jebbison,24,0.0
Jebbison,25,0.0
Jebbison,26,0.0
Humphreys,21,0.0
Humphreys,22,0.0
Humphreys,23,0.0
Humphreys,24,0.0
Humphreys,25,0.0
Humphreys,26,0.0
Fraser,21,0.0
Fraser,22,0.0
Fraser,23,0.0
Fraser,24,0.0
Fraser,25,0.0
Fraser,26,0.0
A.Fatawu,21,0.0
A.Fatawu,22,0.0
A.Fatawu,23,0.0
A.Fatawu,24,0.0
A.Fatawu,25,0.0
A.Fatawu,26,0.0
Ozoh,21,0.0
Ozoh,22,0.0
Ozoh,23,0.0
Ozoh,24,0.0
Ozoh,25,0.0
Ozoh,26,0.0
Andrey Santos,21,0.0
Andrey Santos,22,0.0
Andrey Santos,23,0.0
Andrey Santos,24,0.0
Andrey Santos,25,0.0
Andrey Santos,26,0.0
Bajcetic,21,0.0
Bajcetic,22,0.0
Bajcetic,23,0.0
Bajcetic,24,0.0
Bajcetic,25,0.0
Bajcetic,26,0.0
Veliz,21,0.0
Veliz,22,0.0
Veliz,23,0.0
Veliz,24,0.0
Veliz,25,0.0
Veliz,26,0.0
Barco,21,0.0
Barco,22,0.0
Barco,23,0.0
Barco,24,0.0
Barco,25,0.0
Barco,26,0.0
A.Phillips,21,0.0
A.Phillips,22,0.0
A.Phillips,23,0.0
A.Phillips,24,0.0
A.Phillips,25,0.0
A.Phillips,26,0.0
Kellyman,21,0.0
Kellyman,22,0.0
Kellyman,23,0.0
Kellyman,24,0.0
Kellyman,25,0.0
Kellyman,26,0.0
Mazilu,21,0.0
Mazilu,22,0.0
Mazilu,23,0.0
Mazilu,24,0.0
Mazilu,25,0.0
Mazilu,26,0.0
Odobert,21,0.0
Odobert,22,0.0
Odobert,23,0.0
Odobert,24,0.0
Odobert,25,0.0
Odobert,26,0.0
Jimoh,21,0.0
Jimoh,22,0.0
Jimoh,23,0.0
Jimoh,24,0.0
Jimoh,25,0.0
Jimoh,26,0.0
O’Mahony,21,0.0
O’Mahony,22,0.0
O’Mahony,23,0.0
O’Mahony,24,0.0
O’Mahony,25,0.0
O’Mahony,26,0.0
Pivas,21,0.0
Pivas,22,0.0
Pivas,23,0.0
Pivas,24,0.0
Pivas,25,0.0
Pivas,26,0.0
Gonzalez,21,0.0
Gonzalez,22,0.0
Gonzalez,23,0.0
Gonzalez,24,0.0
Gonzalez,25,0.0
Gonzalez,26,0.0
I.Osman,21,0.0
I.Osman,22,0.0
I.Osman,23,0.0
I.Osman,24,0.0
I.Osman,25,0.0
I.Osman,26,0.0
G.Nunes,21,0.0
G.Nunes,22,0.0
G.Nunes,23,0.0
G.Nunes,24,0.0
G.Nunes,25,0.0
G.Nunes,26,0.0
Maupay,21,0.0
Maupay,22,0.0
Maupay,23,0.0
Maupay,24,0.0
Maupay,25,0.0
Maupay,26,0.0
Mbabu,21,0.0
Mbabu,22,0.0
Mbabu,23,0.0
Mbabu,24,0.0
Mbabu,25,0.0
Mbabu,26,0.0
Toney,21,0.0
Toney,22,0.0
Toney,23,0.0
Toney,24,0.0
Toney,25,0.0
Toney,26,0.0
Dahoud,21,0.0
Dahoud,22,0.0
Dahoud,23,0.0
Dahoud,24,0.0
Dahoud,25,0.0
Dahoud,26,0.0
McTominay,21,0.0
McTominay,22,0.0
McTominay,23,0.0
McTominay,24,0.0
McTominay,25,0.0
McTominay,26,0.0
Lis,21,0.0
Lis,22,0.0
Lis,23,0.0
Lis,24,0.0
Lis,25,0.0
Lis,26,0.0
Podence,21,0.0
Podence,22,0.0
Podence,23,0.0
Podence,24,0.0
Podence,25,0.0
Podence,26,0.0
Lo Celso,21,0.0
Lo Celso,22,0.0
Lo Celso,23,0.0
Lo Celso,24,0.0
Lo Celso,25,0.0
Lo Celso,26,0.0
Ui-jo,21,0.0
Ui-jo,22,0.0
Ui-jo,23,0.0
Ui-jo,24,0.0
Ui-jo,25,0.0
Ui-jo,26,0.0
Worrall,21,0.0
Worrall,22,0.0
Worrall,23,0.0
Worrall,24,0.0
Worrall,25,0.0
Worrall,26,0.0
Gallagher,21,0.0
Gallagher,22,0.0
Gallagher,23,0.0
Gallagher,24,0.0
Gallagher,25,0.0
Gallagher,26,0.0
E.Royal,21,0.0
E.Royal,22,0.0
E.Royal,23,0.0
E.Royal,24,0.0
E.Royal,25,0.0
E.Royal,26,0.0
Gilmour,21,0.0
Gilmour,22,0.0
Gilmour,23,0.0
Gilmour,24,0.0
Gilmour,25,0.0
Gilmour,26,0.0
Undav,21,0.0
Undav,22,0.0
Undav,23,0.0
Undav,24,0.0
Undav,25,0.0
Undav,26,0.0
J.Alvarez,21,0.0
J.Alvarez,22,0.0
J.Alvarez,23,0.0
J.Alvarez,24,0.0
J.Alvarez,25,0.0
J.Alvarez,26,0.0
Mara,21,0.0
Mara,22,0.0
Mara,23,0.0
Mara,24,0.0
Mara,25,0.0
Mara,26,0.0
Pellistri,21,0.0
Pellistri,22,0.0
Pellistri,23,0.0
Pellistri,24,0.0
Pellistri,25,0.0
Pellistri,26,0.0
Stansfield,21,0.0
Stansfield,22,0.0
Stansfield,23,0.0
Stansfield,24,0.0
Stansfield,25,0.0
Stansfield,26,0.0
Clark,21,0.0
Clark,22,0.0
Clark,23,0.0
Clark,24,0.0
Clark,25,0.0
Clark,26,0.0
Ângelo,21,0.0
Ângelo,22,0.0
Ângelo,23,0.0
Ângelo,24,0.0
Ângelo,25,0.0
Ângelo,26,0.0
D.D.Fofana,21,0.0
D.D.Fofana,22,0.0
D.D.Fofana,23,0.0
D.D.Fofana,24,0.0
D.D.Fofana,25,0.0
D.D.Fofana,26,0.0
